Workbook

Sheet Produccion
D3: Año | E3: Basicos | F3: % Basicos | G3: Intermedios | H3: % Intermedios | I3: Finales | J3: % Finales | K3: Total
D4: 2015 | E4: 2435900 | F4: 42 | G4: 809000 | H4: 13.9 | I4: 2559800 | J4: 44.1 | K4: 5804700
D5: 2016 | E5: 2606500 | F5: 41.8 | G5: 819600 | H5: 13.2 | I5: 2799000 | J5: 45 | K5: 6225100
D6: 2017 | E6: 2546700 | F6: 39.9 | G6: 749100 | H6: 11.7 | I6: 3092800 | J6: 48.4 | K6: 6388600
D7: 2018 | E7: 2366500 | F7: 41.8 | G7: 692100 | H7: 12.2 | I7: 2602200 | J7: 46 | K7: 5660800
D8: 2019 | E8: 2238100 | F8: 41.7 | G8: 613200 | H8: 11.4 | I8: 2521800 | J8: 46.9 | K8: 5373100
D9: 2020 | E9: 2176600 | F9: 39.7 | G9: 588500 | H9: 10.7 | I9: 2718700 | J9: 49.6 | K9: 5483800
D10: 2021 | E10: 2161200 | F10: 40.9 | G10: 679700 | H10: 12.8 | I10: 2447200 | J10: 46.3 | K10: 5288100
D11: 2022 | E11: 2566300 | F11: 40.3 | G11: 740600 | H11: 11.6 | I11: 3060600 | J11: 48.1 | K11: 6367500
D12: 2023 | E12: 2454900 | F12: 40.3 | G12: 701100 | H12: 11.5 | I12: 2940100 | J12: 48.2 | K12: 6096100
D13: 2024 | E13: 2485000 | F13: 41.9 | G13: 642700 | H13: 10.8 | I13: 2808900 | J13: 47.3 | K13: 5936600
D15: Produccion expresada en millones de toneladas | J15: Grafico 1
D16: Año | E16: Basicos | F16: Intermedios | G16: Finales | H16: Total
D17: 2015 | E17: =E4/1000000 -> 2.4359 | F17: =G4/1000000 -> 0.809 | G17: =I4/1000000 -> 2.5598 | H17: =K4/1000000 -> 5.8047
D18: 2016 | E18: =E5/1000000 -> 2.6065 | F18: =G5/1000000 -> 0.8196 | G18: =I5/1000000 -> 2.799 | H18: =K5/1000000 -> 6.2251
D19: 2017 | E19: =E6/1000000 -> 2.5467 | F19: =G6/1000000 -> 0.7491 | G19: =I6/1000000 -> 3.0928 | H19: =K6/1000000 -> 6.3886
D20: 2018 | E20: =E7/1000000 -> 2.3665 | F20: =G7/1000000 -> 0.6921 | G20: =I7/1000000 -> 2.6022 | H20: =K7/1000000 -> 5.6608
D21: 2019 | E21: =E8/1000000 -> 2.2381 | F21: =G8/1000000 -> 0.6132 | G21: =I8/1000000 -> 2.5218 | H21: =K8/1000000 -> 5.3731
D22: 2020 | E22: =E9/1000000 -> 2.1766 | F22: =G9/1000000 -> 0.5885 | G22: =I9/1000000 -> 2.7187 | H22: =K9/1000000 -> 5.4838
D23: 2021 | E23: =E10/1000000 -> 2.1612 | F23: =G10/1000000 -> 0.6797 | G23: =I10/1000000 -> 2.4472 | H23: =K10/1000000 -> 5.2881
D24: 2022 | E24: =E11/1000000 -> 2.5663 | F24: =G11/1000000 -> 0.7406 | G24: =I11/1000000 -> 3.0606 | H24: =K11/1000000 -> 6.3675
D25: 2023 | E25: =E12/1000000 -> 2.4549 | F25: =G12/1000000 -> 0.7011 | G25: =I12/1000000 -> 2.9401 | H25: =K12/1000000 -> 6.0961
D26: 2024 | E26: =E13/1000000 -> 2.485 | F26: =G13/1000000 -> 0.6427 | G26: =I13/1000000 -> 2.8089 | H26: =K13/1000000 -> 5.9366

Sheet Capacidad instalada 2024
B2: Capacidad instalada de productos petroquimicos 2024 | K2: Capacidad instalada por ciudad | P2: Capacidad instalada por provincia
B3: Producto Petroquimico | C3: Planta | D3: Ciudad | E3: Provincia | F3: Tipo de producto | G3: Valor | H3: Capacidad instalada activa | I3: Plantas inactivas/cerradas | K3: Ciudad | L3: Capacidad instalada | M3: % del total | P3: Provincia | Q3: Capacidad instalada | R3: % del total
B4: ABS | F4: =IF(COUNTIF($K$30:$K$41, B4)>0, "Básico", IF(COUNTIF($L$30:$L$71, B4)>0, "Intermedio", IF(COUNTIF('Capacidad instalada 2024'!$M$30:$M$73, B4)>0, "Final", "No encontrado"))) -> Final | K4: Bahia Blanca | L4: =SUMIF(D$4:D$151,K4,H$4:H$151) -> 4352000 | M4: =L4/L$24 -> 0.56287168 | P4: Bs As | Q4: =SUMIF(E$4:E$151,P4,H$4:H$151) -> 5867500 | R4: =Q4/Q$12 -> 0.75888088
B5: ACETALDEHÍDO | C5: ATANOR S.C.A | D5: Baradero | E5: Bs As | F5: =IF(COUNTIF($K$30:$K$41, B5)>0, "Básico", IF(COUNTIF($L$30:$L$71, B5)>0, "Intermedio", IF(COUNTIF('Capacidad instalada 2024'!$M$30:$M$73, B5)>0, "Final", "No encontrado"))) -> Intermedio | H5: Cerro | I5: 9000 | K5: Baradero | L5: =SUMIF(D$4:D$151,K5,H$4:H$151) -> 0 | M5: =L5/L$24 -> 0 | P5: Cordoba | Q5: =SUMIF(E$4:E$151,P5,H$4:H$151) -> 47300 | R5: =Q5/Q$12 -> 0.0061176081
B6: ACETATO DE n-BUTILO | C6: ATANOR S.C.A | D6: Baradero | E6: Bs As | F6: =IF(COUNTIF($K$30:$K$41, B6)>0, "Básico", IF(COUNTIF($L$30:$L$71, B6)>0, "Intermedio", IF(COUNTIF('Capacidad instalada 2024'!$M$30:$M$73, B6)>0, "Final", "No encontrado"))) -> Final | H6: Cerro | I6: 6000 | K6: Berazategui | L6: =SUMIF(D$4:D$151,K6,H$4:H$151) -> 0 | M6: =L6/L$24 -> 0 | P6: Salta | Q6: =SUMIF(E$4:E$151,P6,H$4:H$151) -> 204000 | R6: =Q6/Q$12 -> 0.02638461
B7: ACETATO DE ETILO | C7: ATANOR S.C.A | D7: Baradero | E7: Bs As | F7: =IF(COUNTIF($K$30:$K$41, B7)>0, "Básico", IF(COUNTIF($L$30:$L$71, B7)>0, "Intermedio", IF(COUNTIF('Capacidad instalada 2024'!$M$30:$M$73, B7)>0, "Final", "No encontrado"))) -> Final | H7: Cerro | I7: 28000 | K7: Campana | L7: =SUMIF(D$4:D$151,K7,H$4:H$151) -> 246700 | M7: =L7/L$24 -> 0.031907271 | P7: San Luis | Q7: =SUMIF(E$4:E$151,P7,H$4:H$151) -> 30730 | R7: =Q7/Q$12 -> 0.0039745052
B8: ACETATO DE VINILO | F8: =IF(COUNTIF($K$30:$K$41, B8)>0, "Básico", IF(COUNTIF($L$30:$L$71, B8)>0, "Intermedio", IF(COUNTIF('Capacidad instalada 2024'!$M$30:$M$73, B8)>0, "Final", "No encontrado"))) -> Intermedio | K8: Concordia | L8: =SUMIF(D$4:D$151,K8,H$4:H$151) -> 67850 | M8: =L8/L$24 -> 0.0087754696 | P8: Santa Fe | Q8: =SUMIF(E$4:E$151,P8,H$4:H$151) -> 935400 | R8: =Q8/Q$12 -> 0.1209812
B9: ACETONA | C9: CARBOCLOR S.A. | D9: Campana | E9: Bs As | F9: =IF(COUNTIF($K$30:$K$41, B9)>0, "Básico", IF(COUNTIF($L$30:$L$71, B9)>0, "Intermedio", IF(COUNTIF('Capacidad instalada 2024'!$M$30:$M$73, B9)>0, "Final", "No encontrado"))) -> Intermedio | H9: Inactiva | I9: 18000 | K9: El Galpon | L9: =SUMIF(D$4:D$151,K9,H$4:H$151) -> 204000 | M9: =L9/L$24 -> 0.02638461 | P9: Entre Rios | Q9: =SUMIF(E$4:E$151,P9,H$4:H$151) -> 67850 | R9: =Q9/Q$12 -> 0.0087754696
B10: Ácido acético | C10: ATANOR S.C.A Rio Tercero | D10: Rio Tercero | E10: Cordoba | F10: =IF(COUNTIF($K$30:$K$41, B10)>0, "Básico", IF(COUNTIF($L$30:$L$71, B10)>0, "Intermedio", IF(COUNTIF('Capacidad instalada 2024'!$M$30:$M$73, B10)>0, "Final", "No encontrado"))) -> Intermedio | H10: Cerro | I10: 3600 | K10: Ensenada | L10: =SUMIF(D$4:D$151,K10,H$4:H$151) -> 991500 | M10: =L10/L$24 -> 0.12823696 | P10: Neuquen | Q10: =SUMIF(E$4:E$151,P10,H$4:H$151) -> 411000 | R10: =Q10/Q$12 -> 0.053157229
B11: Ácido acético | D11: Baradero | E11: Bs As | F11: =IF(COUNTIF($K$30:$K$41, B11)>0, "Básico", IF(COUNTIF($L$30:$L$71, B11)>0, "Intermedio", IF(COUNTIF('Capacidad instalada 2024'!$M$30:$M$73, B11)>0, "Final", "No encontrado"))) -> Intermedio | H11: Cerro | I11: 12000 | K11: General Lagos | L11: =SUMIF(D$4:D$151,K11,H$4:H$151) -> 20000 | M11: =L11/L$24 -> 0.0025867265 | P11: Mendoza | Q11: =SUMIF(E$4:E$151,P11,H$4:H$151) -> 168000 | R11: =Q11/Q$12 -> 0.021728502
B12: ÁCIDO ACRÍLICO Y SUS ÉSTERES | F12: Intermedio | K12: Lujan de Cuyo | L12: =SUMIF(D$4:D$151,K12,H$4:H$151) -> 168000 | M12: =L12/L$24 -> 0.021728502 | P12: Total | Q12: =SUM(Q4:Q11) -> 7731780 | R12: =SUM(R4:R11) -> 1
B13: ÁCIDO ADÍPICO | F13: =IF(COUNTIF($K$30:$K$41, B13)>0, "Básico", IF(COUNTIF($L$30:$L$71, B13)>0, "Intermedio", IF(COUNTIF('Capacidad instalada 2024'!$M$30:$M$73, B13)>0, "Final", "No encontrado"))) -> Intermedio | K13: Munro | L13: =SUMIF(D$4:D$151,K13,H$4:H$151) -> 0 | M13: =L13/L$24 -> 0
B14: ÁCIDO BENZOICO | C14: PETROQUIMICA ARGENTINA S.A. | D14: San Miguel del Monte | E14: Bs As | F14: =IF(COUNTIF($K$30:$K$41, B14)>0, "Básico", IF(COUNTIF($L$30:$L$71, B14)>0, "Intermedio", IF(COUNTIF('Capacidad instalada 2024'!$M$30:$M$73, B14)>0, "Final", "No encontrado"))) -> Intermedio | H14: 2300 | K14: Olmos | L14: =SUMIF(D$4:D$151,K14,H$4:H$151) -> 0 | M14: =L14/L$24 -> 0 | P14: Capacidad instalada Provincia de Buenos Aires
B15: ÁCIDO CÍTRICO | F15: =IF(COUNTIF($K$30:$K$41, B15)>0, "Básico", IF(COUNTIF($L$30:$L$71, B15)>0, "Intermedio", IF(COUNTIF('Capacidad instalada 2024'!$M$30:$M$73, B15)>0, "Final", "No encontrado"))) -> No encontrado | K15: P. Huincul | L15: =SUMIF(D$4:D$151,K15,H$4:H$151) -> 411000 | M15: =L15/L$24 -> 0.053157229 | P15: Ciudad | Q15: Capacidad instalada | R15: % del total
B16: ÁCIDO 2-ETILHEXANOICO | F16: =IF(COUNTIF($K$30:$K$41, B16)>0, "Básico", IF(COUNTIF($L$30:$L$71, B16)>0, "Intermedio", IF(COUNTIF('Capacidad instalada 2024'!$M$30:$M$73, B16)>0, "Final", "No encontrado"))) -> No encontrado | K16: Puerto Galvan | L16: =SUMIF(D$4:D$151,K16,H$4:H$151) -> 0 | M16: =L16/L$24 -> 0 | P16: Bahia Blanca | Q16: =SUMIF(D$4:D$151,P16,H$4:H$151) -> 4352000 | R16: =Q16/Q$26 -> 0.74171282
B17: ÁCIDO FÓRMICO | F17: =IF(COUNTIF($K$30:$K$41, B17)>0, "Básico", IF(COUNTIF($L$30:$L$71, B17)>0, "Intermedio", IF(COUNTIF('Capacidad instalada 2024'!$M$30:$M$73, B17)>0, "Final", "No encontrado"))) -> Intermedio | K17: Puerto General San Martin | L17: =SUMIF(D$4:D$151,K17,H$4:H$151) -> 880900 | M17: =L17/L$24 -> 0.11393237 | P17: Baradero | Q17: =SUMIF(D$4:D$151,P17,H$4:H$151) -> 0 | R17: =Q17/Q$26 -> 0
B18: ÁCIDO FUMÁRICO | F18: =IF(COUNTIF($K$30:$K$41, B18)>0, "Básico", IF(COUNTIF($L$30:$L$71, B18)>0, "Intermedio", IF(COUNTIF('Capacidad instalada 2024'!$M$30:$M$73, B18)>0, "Final", "No encontrado"))) -> Intermedio | K18: Rio Tercero | L18: =SUMIF(D$4:D$151,K18,H$4:H$151) -> 47300 | M18: =L18/L$24 -> 0.0061176081 | P18: Campana | Q18: =SUMIF(D$4:D$151,P18,H$4:H$151) -> 246700 | R18: =Q18/Q$26 -> 0.042045164
B19: ÁCIDO NÍTRICO | C19: AUSTIN POWDER ARGENTINA S.A. | D19: El Galpon | E19: Salta | F19: =IF(COUNTIF($K$30:$K$41, B19)>0, "Básico", IF(COUNTIF($L$30:$L$71, B19)>0, "Intermedio", IF(COUNTIF('Capacidad instalada 2024'!$M$30:$M$73, B19)>0, "Final", "No encontrado"))) -> Intermedio | H19: 60000 | K19: San Lorenzo | L19: =SUMIF(D$4:D$151,K19,H$4:H$151) -> 34500 | M19: =L19/L$24 -> 0.0044621032 | P19: Ensenada | Q19: =SUMIF(D$4:D$151,P19,H$4:H$151) -> 991500 | R19: =Q19/Q$26 -> 0.16898168
B20: ÁCIDO NÍTRICO | C20: FÁBRICA MILITAR RÍO TERCERO | D20: Rio Tercero | E20: Cordoba | F20: =IF(COUNTIF($K$30:$K$41, B20)>0, "Básico", IF(COUNTIF($L$30:$L$71, B20)>0, "Intermedio", IF(COUNTIF('Capacidad instalada 2024'!$M$30:$M$73, B20)>0, "Final", "No encontrado"))) -> Intermedio | H20: 39000 | K20: San Luis | L20: =SUMIF(D$4:D$151,K20,H$4:H$151) -> 20000 | M20: =L20/L$24 -> 0.0025867265 | P20: Munro | Q20: =SUMIF(D$4:D$151,P20,H$4:H$151) -> 0 | R20: =Q20/Q$26 -> 0
B21: ÁCIDO NÍTRICO | C21: FRÍO INDUSTRIAS ARGENTINAS S.A | D21: Villa Mercedes | E21: San Luis | F21: =IF(COUNTIF($K$30:$K$41, B21)>0, "Básico", IF(COUNTIF($L$30:$L$71, B21)>0, "Intermedio", IF(COUNTIF('Capacidad instalada 2024'!$M$30:$M$73, B21)>0, "Final", "No encontrado"))) -> Intermedio | H21: 10730 | K21: San Miguel del Monte | L21: =SUMIF(D$4:D$151,K21,H$4:H$151) -> 2300 | M21: =L21/L$24 -> 0.00029747354 | P21: San Miguel del Monte | Q21: =SUMIF(D$4:D$151,P21,H$4:H$151) -> 2300 | R21: =Q21/Q$26 -> 0.00039198977
B22: ÁCIDO OXÁLICO | F22: =IF(COUNTIF($K$30:$K$41, B22)>0, "Básico", IF(COUNTIF($L$30:$L$71, B22)>0, "Intermedio", IF(COUNTIF('Capacidad instalada 2024'!$M$30:$M$73, B22)>0, "Final", "No encontrado"))) -> No encontrado | K22: Villa Mercedes | L22: =SUMIF(D$4:D$151,K22,H$4:H$151) -> 10730 | M22: =L22/L$24 -> 0.0013877788 | P22: Berazategui | Q22: =SUMIF(D$4:D$151,P22,H$4:H$151) -> 0 | R22: =Q22/Q$26 -> 0
B23: ÁCIDO SALICÍLICO | F23: =IF(COUNTIF($K$30:$K$41, B23)>0, "Básico", IF(COUNTIF($L$30:$L$71, B23)>0, "Intermedio", IF(COUNTIF('Capacidad instalada 2024'!$M$30:$M$73, B23)>0, "Final", "No encontrado"))) -> Intermedio | K23: Zarate | L23: =SUMIF(D$4:D$151,K23,H$4:H$151) -> 275000 | M23: =L23/L$24 -> 0.035567489 | P23: Puerto Galvan | Q23: =SUMIF(D$4:D$151,P23,H$4:H$151) -> 0 | R23: =Q23/Q$26 -> 0
B24: ÁCIDO TEREFTÁLICO | F24: =IF(COUNTIF($K$30:$K$41, B24)>0, "Básico", IF(COUNTIF($L$30:$L$71, B24)>0, "Intermedio", IF(COUNTIF('Capacidad instalada 2024'!$M$30:$M$73, B24)>0, "Final", "No encontrado"))) -> Intermedio | K24: Total | L24: =SUM(L3:L23) -> 7731780 | M24: =L24/L$24 -> 1 | P24: Olmos | Q24: =SUMIF(D$4:D$151,P24,H$4:H$151) -> 0 | R24: =Q24/Q$26 -> 0
B25: ACRILONITRILO | F25: =IF(COUNTIF($K$30:$K$41, B25)>0, "Básico", IF(COUNTIF($L$30:$L$71, B25)>0, "Intermedio", IF(COUNTIF('Capacidad instalada 2024'!$M$30:$M$73, B25)>0, "Final", "No encontrado"))) -> Intermedio | P25: Zarate | Q25: =SUMIF(D$4:D$151,P25,H$4:H$151) -> 275000 | R25: =Q25/Q$26 -> 0.046868343
B26: Alcoholes de C7 a C13 | C26: YPF S.A. Ensenada | D26: Ensenada | E26: Bs As | F26: =IF(COUNTIF($K$30:$K$41, B26)>0, "Básico", IF(COUNTIF($L$30:$L$71, B26)>0, "Intermedio", IF(COUNTIF('Capacidad instalada 2024'!$M$30:$M$73, B26)>0, "Final", "No encontrado"))) -> Intermedio | H26: Cerro | I26: 35000 | P26: Total | Q26: =SUM(Q16:Q25) -> 5867500 | R26: =SUM(R16:R25) -> 1
B27: ALCOHOL POLIVINÍLICO | F27: =IF(COUNTIF($K$30:$K$41, B27)>0, "Básico", IF(COUNTIF($L$30:$L$71, B27)>0, "Intermedio", IF(COUNTIF('Capacidad instalada 2024'!$M$30:$M$73, B27)>0, "Final", "No encontrado"))) -> No encontrado
B28: ALQUILBENCENO LINEAL | C28: YPF S.A. Ensenada | D28: Ensenada | E28: Bs As | F28: =IF(COUNTIF($K$30:$K$41, B28)>0, "Básico", IF(COUNTIF($L$30:$L$71, B28)>0, "Intermedio", IF(COUNTIF('Capacidad instalada 2024'!$M$30:$M$73, B28)>0, "Final", "No encontrado"))) -> Intermedio | H28: 52000 | K28: Clasificacion de los productos petroquimicos
B29: AMONÍACO | C29: AUSTIN POWDER ARGENTINA S.A. | D29: El Galpon | E29: Salta | F29: =IF(COUNTIF($K$30:$K$41, B29)>0, "Básico", IF(COUNTIF($L$30:$L$71, B29)>0, "Intermedio", IF(COUNTIF('Capacidad instalada 2024'!$M$30:$M$73, B29)>0, "Final", "No encontrado"))) -> Básico | H29: 60000 | K29: Basicos | L29: Intermedios | M29: Finales
B30: AMONÍACO | C30: BUNGE ARGENTINA S.A. | D30: Campana | E30: Bs As | F30: =IF(COUNTIF($K$30:$K$41, B30)>0, "Básico", IF(COUNTIF($L$30:$L$71, B30)>0, "Intermedio", IF(COUNTIF('Capacidad instalada 2024'!$M$30:$M$73, B30)>0, "Final", "No encontrado"))) -> Básico | H30: 29700 | K30: Amoníaco | L30: Acetaldehído | M30: ABS | N30: =SUBSTITUTE(SUBSTITUTE(SUBSTITUTE(SUBSTITUTE(SUBSTITUTE(A1,"á","a"),"é","e"),"í","i"),"ó","o"),"ú","u")
B31: AMONÍACO | C31: PROFERTIL S.A. | D31: Bahia Blanca | E31: Bs As | F31: =IF(COUNTIF($K$30:$K$41, B31)>0, "Básico", IF(COUNTIF($L$30:$L$71, B31)>0, "Intermedio", IF(COUNTIF('Capacidad instalada 2024'!$M$30:$M$73, B31)>0, "Final", "No encontrado"))) -> Básico | H31: 790000 | K31: Benceno | L31: Acetato de vinilo | M31: Acetato de n-butilo
B32: ANHÍDRIDO ACÉTICO | C32: ATANOR S.C.A | D32: Baradero | E32: Bs As | F32: =IF(COUNTIF($K$30:$K$41, B32)>0, "Básico", IF(COUNTIF($L$30:$L$71, B32)>0, "Intermedio", IF(COUNTIF('Capacidad instalada 2024'!$M$30:$M$73, B32)>0, "Final", "No encontrado"))) -> No encontrado | H32: Cerro | I32: 2500 | K32: Butadieno | L32: Acetona | M32: Acetato de etilo
B33: Anhídrico ftalico | C33: VARTECO QUÍMICA PUNTANA S.A. | D33: San Lorenzo | E33: Santa Fe | F33: =IF(COUNTIF($K$30:$K$41, B33)>0, "Básico", IF(COUNTIF($L$30:$L$71, B33)>0, "Intermedio", IF(COUNTIF('Capacidad instalada 2024'!$M$30:$M$73, B33)>0, "Final", "No encontrado"))) -> Intermedio | H33: 17500 | K33: Buteno-1 | L33: Ácido acético | M33: Caucho acrilonitrilo-butadieno
B34: Anhídrico maleico | C34: YPF S.A. Ensenada | D34: Ensenada | E34: Bs As | F34: =IF(COUNTIF($K$30:$K$41, B34)>0, "Básico", IF(COUNTIF($L$30:$L$71, B34)>0, "Intermedio", IF(COUNTIF('Capacidad instalada 2024'!$M$30:$M$73, B34)>0, "Final", "No encontrado"))) -> Intermedio | H34: 17500 | K34: Butileno | L34: Ácido adípico | M34: Caucho butilo
B35: BENCENO | C35: PAMPA ENERGÍA S.A General San Martin | D35: Puerto General San Martin | E35: Santa Fe | F35: =IF(COUNTIF($K$30:$K$41, B35)>0, "Básico", IF(COUNTIF($L$30:$L$71, B35)>0, "Intermedio", IF(COUNTIF('Capacidad instalada 2024'!$M$30:$M$73, B35)>0, "Final", "No encontrado"))) -> Básico | K35: Etileno | L35: Ácido benzoico | M35: Caucho estireno-butadieno
B36: BENCENO | C36: YPF S.A. Ensenada | D36: Ensenada | E36: Bs As | F36: =IF(COUNTIF($K$30:$K$41, B36)>0, "Básico", IF(COUNTIF($L$30:$L$71, B36)>0, "Intermedio", IF(COUNTIF('Capacidad instalada 2024'!$M$30:$M$73, B36)>0, "Final", "No encontrado"))) -> Básico | K36: Metanol | L36: Ácido fórmico | M36: Caucho etileno-propileno
B37: BISFENOL A | F37: =IF(COUNTIF($K$30:$K$41, B37)>0, "Básico", IF(COUNTIF($L$30:$L$71, B37)>0, "Intermedio", IF(COUNTIF('Capacidad instalada 2024'!$M$30:$M$73, B37)>0, "Final", "No encontrado"))) -> Intermedio | K37: Propileno | L37: Ácido fumárico | M37: Caucho polibutadieno
B38: BUTADIENO | F38: =IF(COUNTIF($K$30:$K$41, B38)>0, "Básico", IF(COUNTIF($L$30:$L$71, B38)>0, "Intermedio", IF(COUNTIF('Capacidad instalada 2024'!$M$30:$M$73, B38)>0, "Final", "No encontrado"))) -> Básico | K38: Sulfuro de carbono | L38: Ácido nítrico | M38: Caucho policloropreno
B39: i-BUTANOL | F39: =IF(COUNTIF($K$30:$K$41, B39)>0, "Básico", IF(COUNTIF($L$30:$L$71, B39)>0, "Intermedio", IF(COUNTIF('Capacidad instalada 2024'!$M$30:$M$73, B39)>0, "Final", "No encontrado"))) -> Intermedio | K39: Tolueno | L39: Ácido salicílico | M39: Caucho poliisopreno
B40: n-BUTANOL | F40: =IF(COUNTIF($K$30:$K$41, B40)>0, "Básico", IF(COUNTIF($L$30:$L$71, B40)>0, "Intermedio", IF(COUNTIF('Capacidad instalada 2024'!$M$30:$M$73, B40)>0, "Final", "No encontrado"))) -> Intermedio | K40: o-Xileno | L40: Ácido tereftálico | M40: Cloruro de amonio
B41: BUTANOL SECUNDARIO | C41: CARBOCLOR S.A. | D41: Campana | E41: Bs As | F41: =IF(COUNTIF($K$30:$K$41, B41)>0, "Básico", IF(COUNTIF($L$30:$L$71, B41)>0, "Intermedio", IF(COUNTIF('Capacidad instalada 2024'!$M$30:$M$73, B41)>0, "Final", "No encontrado"))) -> Intermedio | H41: Inactiva | I41: 13000 | K41: Xilenos mezcla | L41: Acrilonitrilo | M41: Cloruro de metileno
B42: BUTENO-1 | C42: YPF S.A. Ensenada | D42: Ensenada | E42: Bs As | F42: =IF(COUNTIF($K$30:$K$41, B42)>0, "Básico", IF(COUNTIF($L$30:$L$71, B42)>0, "Intermedio", IF(COUNTIF('Capacidad instalada 2024'!$M$30:$M$73, B42)>0, "Final", "No encontrado"))) -> Básico | H42: Inactiva | I42: 25000 | L42: Alcoholes de C7 a C13 | M42: Concentrado urea-formol
B43: BUTIL HIDROXI TOLUENO - BHT | F43: =IF(COUNTIF($K$30:$K$41, B43)>0, "Básico", IF(COUNTIF($L$30:$L$71, B43)>0, "Intermedio", IF(COUNTIF('Capacidad instalada 2024'!$M$30:$M$73, B43)>0, "Final", "No encontrado"))) -> Intermedio | L43: Alquilbenceno lineal | M43: Copolímero EVA
B44: CAPROLACTAMA | F44: =IF(COUNTIF($K$30:$K$41, B44)>0, "Básico", IF(COUNTIF($L$30:$L$71, B44)>0, "Intermedio", IF(COUNTIF('Capacidad instalada 2024'!$M$30:$M$73, B44)>0, "Final", "No encontrado"))) -> Intermedio | L44: Anhídrico ftalico | M44: Dietilenglicol
B45: Caucho acrilonitrilo-butadieno | C45: PAMPA ENERGÍA S.A General San Martin | D45: Puerto General San Martin | E45: Santa Fe | F45: =IF(COUNTIF($K$30:$K$41, B45)>0, "Básico", IF(COUNTIF($L$30:$L$71, B45)>0, "Intermedio", IF(COUNTIF('Capacidad instalada 2024'!$M$30:$M$73, B45)>0, "Final", "No encontrado"))) -> Final | H45: 2000 | L45: Anhídrico maleico | M45: Di-isocianato de difenilmetano (MDI)
B46: CAUCHO BUTILO | F46: =IF(COUNTIF($K$30:$K$41, B46)>0, "Básico", IF(COUNTIF($L$30:$L$71, B46)>0, "Intermedio", IF(COUNTIF('Capacidad instalada 2024'!$M$30:$M$73, B46)>0, "Final", "No encontrado"))) -> Final | L46: Bisfenol A | M46: Di-isocianato de tolueno (TDI)
B47: Caucho acrilonitrilo-butadieno | C47: PAMPA ENERGÍA S.A General San Martin | D47: Puerto General San Martin | E47: Santa Fe | F47: =IF(COUNTIF($K$30:$K$41, B47)>0, "Básico", IF(COUNTIF($L$30:$L$71, B47)>0, "Intermedio", IF(COUNTIF('Capacidad instalada 2024'!$M$30:$M$73, B47)>0, "Final", "No encontrado"))) -> Final | H47: 53000 | L47: i-Butanol | M47: Éteres glicólicos
B48: CAUCHO ETILENO-PROPILENO | F48: =IF(COUNTIF($K$30:$K$41, B48)>0, "Básico", IF(COUNTIF($L$30:$L$71, B48)>0, "Intermedio", IF(COUNTIF('Capacidad instalada 2024'!$M$30:$M$73, B48)>0, "Final", "No encontrado"))) -> Final | L48: n-Butanol | M48: Fosfato diamónico
B49: CAUCHO POLIBUTADIENO | F49: =IF(COUNTIF($K$30:$K$41, B49)>0, "Básico", IF(COUNTIF($L$30:$L$71, B49)>0, "Intermedio", IF(COUNTIF('Capacidad instalada 2024'!$M$30:$M$73, B49)>0, "Final", "No encontrado"))) -> Final | L49: Butanol secundario | M49: Hexametilentetramina
B50: CAUCHO POLICLOROPRENO | F50: =IF(COUNTIF($K$30:$K$41, B50)>0, "Básico", IF(COUNTIF($L$30:$L$71, B50)>0, "Intermedio", IF(COUNTIF('Capacidad instalada 2024'!$M$30:$M$73, B50)>0, "Final", "No encontrado"))) -> Final | L50: Butil hidroxi tolueno - BHT | M50: Metacrilato de metilo
B51: CAUCHO POLIISOPRENO | F51: =IF(COUNTIF($K$30:$K$41, B51)>0, "Básico", IF(COUNTIF($L$30:$L$71, B51)>0, "Intermedio", IF(COUNTIF('Capacidad instalada 2024'!$M$30:$M$73, B51)>0, "Final", "No encontrado"))) -> Final | L51: Caprolactama | M51: Metil etil cetona
B52: CIANURO DE SODIO | F52: =IF(COUNTIF($K$30:$K$41, B52)>0, "Básico", IF(COUNTIF($L$30:$L$71, B52)>0, "Intermedio", IF(COUNTIF('Capacidad instalada 2024'!$M$30:$M$73, B52)>0, "Final", "No encontrado"))) -> No encontrado | L52: Ciclohexano | M52: Metil isobutil cetona
B53: CICLOHEXANO | C53: YPF S.A. Ensenada | D53: Ensenada | E53: Bs As | F53: =IF(COUNTIF($K$30:$K$41, B53)>0, "Básico", IF(COUNTIF($L$30:$L$71, B53)>0, "Intermedio", IF(COUNTIF('Capacidad instalada 2024'!$M$30:$M$73, B53)>0, "Final", "No encontrado"))) -> Intermedio | H53: 95000 | L53: Cloroformo | M53: Negro de humo
B54: Ciclohexano | F54: =IF(COUNTIF($K$30:$K$41, B54)>0, "Básico", IF(COUNTIF($L$30:$L$71, B54)>0, "Intermedio", IF(COUNTIF('Capacidad instalada 2024'!$M$30:$M$73, B54)>0, "Final", "No encontrado"))) -> Intermedio | L54: Cloruro de vinilo | M54: Nitrato de amonio
B55: CLOROFORMO | F55: =IF(COUNTIF($K$30:$K$41, B55)>0, "Básico", IF(COUNTIF($L$30:$L$71, B55)>0, "Intermedio", IF(COUNTIF('Capacidad instalada 2024'!$M$30:$M$73, B55)>0, "Final", "No encontrado"))) -> Intermedio | L55: Dicloroetileno | M55: Nylon 6
B56: CLORURO DE AMONIO | F56: =IF(COUNTIF($K$30:$K$41, B56)>0, "Básico", IF(COUNTIF($L$30:$L$71, B56)>0, "Intermedio", IF(COUNTIF('Capacidad instalada 2024'!$M$30:$M$73, B56)>0, "Final", "No encontrado"))) -> Final | L56: Epiclorhidrina | M56: Nylon 66
B57: CLORURO DE METILENO | F57: =IF(COUNTIF($K$30:$K$41, B57)>0, "Básico", IF(COUNTIF($L$30:$L$71, B57)>0, "Intermedio", IF(COUNTIF('Capacidad instalada 2024'!$M$30:$M$73, B57)>0, "Final", "No encontrado"))) -> Final | L57: Estireno | M57: Policloruro de vinilo (PVC) y copolímeros
B58: CLORURO DE VINILO | C58: UNIPAR INDUPA S.A.I.C. | D58: Bahia Blanca | E58: Bs As | F58: =IF(COUNTIF($K$30:$K$41, B58)>0, "Básico", IF(COUNTIF($L$30:$L$71, B58)>0, "Intermedio", IF(COUNTIF('Capacidad instalada 2024'!$M$30:$M$73, B58)>0, "Final", "No encontrado"))) -> Intermedio | H58: 231000 | L58: Etanolaminas (mono, di, tri) | M58: Poliestireno convencional y alto impacto
B59: CONCENTRADO UREA-FORMOL | C59: ATANOR S.C.A | D59: Munro | E59: Bs As | F59: =IF(COUNTIF($K$30:$K$41, B59)>0, "Básico", IF(COUNTIF($L$30:$L$71, B59)>0, "Intermedio", IF(COUNTIF('Capacidad instalada 2024'!$M$30:$M$73, B59)>0, "Final", "No encontrado"))) -> Final | H59: Cerro | I59: 6600 | L59: Etilbenceno | M59: Poliestireno expandible
B60: CONCENTRADO UREA-FORMOL | C60: RESINAS CONCORDIA S.R.L. | D60: Concordia | E60: Entre Rios | F60: =IF(COUNTIF($K$30:$K$41, B60)>0, "Básico", IF(COUNTIF($L$30:$L$71, B60)>0, "Intermedio", IF(COUNTIF('Capacidad instalada 2024'!$M$30:$M$73, B60)>0, "Final", "No encontrado"))) -> Final | H60: 27600 | L60: Etilenglicol | M60: Polietilenglicoles y propilenglicoles sólidos
B61: Concentrado urea-formol | C61: ARAUCO ARGENTINA S.A. - División Química | D61: Puerto General San Martin | E61: Santa Fe | F61: =IF(COUNTIF($K$30:$K$41, B61)>0, "Básico", IF(COUNTIF($L$30:$L$71, B61)>0, "Intermedio", IF(COUNTIF('Capacidad instalada 2024'!$M$30:$M$73, B61)>0, "Final", "No encontrado"))) -> Final | H61: 31000 | L61: Fenol | M61: Polietileno de alta densidad
B62: Concentrado urea-formol | C62: ARAUCO ARGENTINA S.A. - División Química | D62: Puerto General San Martin | E62: Santa Fe | F62: =IF(COUNTIF($K$30:$K$41, B62)>0, "Básico", IF(COUNTIF($L$30:$L$71, B62)>0, "Intermedio", IF(COUNTIF('Capacidad instalada 2024'!$M$30:$M$73, B62)>0, "Final", "No encontrado"))) -> Final | H62: 30000 | L62: Formaldehído 37 % | M62: Polietileno de baja densidad convencional
B63: COPOLÍMERO EVA | F63: =IF(COUNTIF($K$30:$K$41, B63)>0, "Básico", IF(COUNTIF($L$30:$L$71, B63)>0, "Intermedio", IF(COUNTIF('Capacidad instalada 2024'!$M$30:$M$73, B63)>0, "Final", "No encontrado"))) -> Final | L63: Hexametilendiamina | M63: Polietileno de baja densidad lineal
B64: DICLOROETILENO | C64: UNIPAR INDUPA S.A.I.C. | D64: Bahia Blanca | E64: Bs As | F64: =IF(COUNTIF($K$30:$K$41, B64)>0, "Básico", IF(COUNTIF($L$30:$L$71, B64)>0, "Intermedio", IF(COUNTIF('Capacidad instalada 2024'!$M$30:$M$73, B64)>0, "Final", "No encontrado"))) -> Intermedio | H64: 266000 | L64: Isopropanol | M64: Poliisobuteno
B65: DIETILENGLICOL | F65: =IF(COUNTIF($K$30:$K$41, B65)>0, "Básico", IF(COUNTIF($L$30:$L$71, B65)>0, "Intermedio", IF(COUNTIF('Capacidad instalada 2024'!$M$30:$M$73, B65)>0, "Final", "No encontrado"))) -> Final | L65: Melamina | M65: Polioxi propilenglicoles
B66: DI-ISOCIANATO DE DIFENILMETANO (MDI) | F66: =IF(COUNTIF($K$30:$K$41, B66)>0, "Básico", IF(COUNTIF($L$30:$L$71, B66)>0, "Intermedio", IF(COUNTIF('Capacidad instalada 2024'!$M$30:$M$73, B66)>0, "Final", "No encontrado"))) -> Final | L66: Nonilfenol | M66: Polipropileno
B67: DI-ISOCIANATO DE TOLUENO (TDI) | F67: =IF(COUNTIF($K$30:$K$41, B67)>0, "Básico", IF(COUNTIF($L$30:$L$71, B67)>0, "Intermedio", IF(COUNTIF('Capacidad instalada 2024'!$M$30:$M$73, B67)>0, "Final", "No encontrado"))) -> Final | L67: Óxido de etileno | M67: Politereftalato de etileno - Envase
B68: N, N - DIMETILFORMAMIDA | F68: =IF(COUNTIF($K$30:$K$41, B68)>0, "Básico", IF(COUNTIF($L$30:$L$71, B68)>0, "Intermedio", IF(COUNTIF('Capacidad instalada 2024'!$M$30:$M$73, B68)>0, "Final", "No encontrado"))) -> No encontrado | L68: Óxido de propileno | M68: Politereftalato de etileno - Textil
B69: EPICLORHIDRINA | F69: =IF(COUNTIF($K$30:$K$41, B69)>0, "Básico", IF(COUNTIF($L$30:$L$71, B69)>0, "Intermedio", IF(COUNTIF('Capacidad instalada 2024'!$M$30:$M$73, B69)>0, "Final", "No encontrado"))) -> Intermedio | L69: Paraformaldehído (92 %) | M69: SAN
B70: ESTIRENO | C70: PAMPA ENERGÍA S.A General San Martin | D70: Puerto General San Martin | E70: Santa Fe | F70: =IF(COUNTIF($K$30:$K$41, B70)>0, "Básico", IF(COUNTIF($L$30:$L$71, B70)>0, "Intermedio", IF(COUNTIF('Capacidad instalada 2024'!$M$30:$M$73, B70)>0, "Final", "No encontrado"))) -> Intermedio | H70: 160000 | L70: Pentaeritritol | M70: Sulfato de amonio
B71: ETANOLAMINAS (Mono, Di, Tri) | F71: =IF(COUNTIF($K$30:$K$41, B71)>0, "Básico", IF(COUNTIF($L$30:$L$71, B71)>0, "Intermedio", IF(COUNTIF('Capacidad instalada 2024'!$M$30:$M$73, B71)>0, "Final", "No encontrado"))) -> Intermedio | L71: Propilenglicol | M71: Tetracloroetileno
B72: ÉTERES GLICÓLICOS | C72: PBBPolisur S.R.L. | D72: Puerto General San Martin | E72: Santa Fe | F72: =IF(COUNTIF($K$30:$K$41, B72)>0, "Básico", IF(COUNTIF($L$30:$L$71, B72)>0, "Intermedio", IF(COUNTIF('Capacidad instalada 2024'!$M$30:$M$73, B72)>0, "Final", "No encontrado"))) -> Final | H72: 6900 | M72: Tricloroetileno
B73: ETILBENCENO | C73: PAMPA ENERGÍA S.A General San Martin | D73: Puerto General San Martin | E73: Santa Fe | F73: =IF(COUNTIF($K$30:$K$41, B73)>0, "Básico", IF(COUNTIF($L$30:$L$71, B73)>0, "Intermedio", IF(COUNTIF('Capacidad instalada 2024'!$M$30:$M$73, B73)>0, "Final", "No encontrado"))) -> Intermedio | H73: 180000 | M73: Urea
B74: ETILENGLICOL | F74: =IF(COUNTIF($K$30:$K$41, B74)>0, "Básico", IF(COUNTIF($L$30:$L$71, B74)>0, "Intermedio", IF(COUNTIF('Capacidad instalada 2024'!$M$30:$M$73, B74)>0, "Final", "No encontrado"))) -> Intermedio
B75: ETILENO | C75: PAMPA ENERGÍA S.A General San Martin | D75: Puerto General San Martin | E75: Santa Fe | F75: =IF(COUNTIF($K$30:$K$41, B75)>0, "Básico", IF(COUNTIF($L$30:$L$71, B75)>0, "Intermedio", IF(COUNTIF('Capacidad instalada 2024'!$M$30:$M$73, B75)>0, "Final", "No encontrado"))) -> Básico | H75: 31000
B76: ETILENO | C76: PBBPolisur S.R.L. | D76: Bahia Blanca | E76: Bs As | F76: =IF(COUNTIF($K$30:$K$41, B76)>0, "Básico", IF(COUNTIF($L$30:$L$71, B76)>0, "Intermedio", IF(COUNTIF('Capacidad instalada 2024'!$M$30:$M$73, B76)>0, "Final", "No encontrado"))) -> Básico | H76: 275000
B77: ETILENO | C77: PBBPolisur S.R.L. | D77: Bahia Blanca | E77: Bs As | F77: =IF(COUNTIF($K$30:$K$41, B77)>0, "Básico", IF(COUNTIF($L$30:$L$71, B77)>0, "Intermedio", IF(COUNTIF('Capacidad instalada 2024'!$M$30:$M$73, B77)>0, "Final", "No encontrado"))) -> Básico | H77: 475000
B78: FENOL | F78: =IF(COUNTIF($K$30:$K$41, B78)>0, "Básico", IF(COUNTIF($L$30:$L$71, B78)>0, "Intermedio", IF(COUNTIF('Capacidad instalada 2024'!$M$30:$M$73, B78)>0, "Final", "No encontrado"))) -> Intermedio
B79: Formaldehído 37 % | C79: ATANOR S.C.A | D79: Munro | E79: Bs As | F79: =IF(COUNTIF($K$30:$K$41, B79)>0, "Básico", IF(COUNTIF($L$30:$L$71, B79)>0, "Intermedio", IF(COUNTIF('Capacidad instalada 2024'!$M$30:$M$73, B79)>0, "Final", "No encontrado"))) -> Intermedio | H79: Cerro | I79: 15000
B80: Formaldehído 37 % | C80: RESINAS CONCORDIA S.R.L. | D80: Concordia | E80: Entre Rios | F80: =IF(COUNTIF($K$30:$K$41, B80)>0, "Básico", IF(COUNTIF($L$30:$L$71, B80)>0, "Intermedio", IF(COUNTIF('Capacidad instalada 2024'!$M$30:$M$73, B80)>0, "Final", "No encontrado"))) -> Intermedio | H80: 40250
B81: Formaldehído 37 % | C81: ARAUCO ARGENTINA S.A. - División Química | D81: Puerto General San Martin | E81: Santa Fe | F81: =IF(COUNTIF($K$30:$K$41, B81)>0, "Básico", IF(COUNTIF($L$30:$L$71, B81)>0, "Intermedio", IF(COUNTIF('Capacidad instalada 2024'!$M$30:$M$73, B81)>0, "Final", "No encontrado"))) -> Intermedio | H81: 48000
B82: FOSFATO DIAMÓNICO | F82: =IF(COUNTIF($K$30:$K$41, B82)>0, "Básico", IF(COUNTIF($L$30:$L$71, B82)>0, "Intermedio", IF(COUNTIF('Capacidad instalada 2024'!$M$30:$M$73, B82)>0, "Final", "No encontrado"))) -> Final
B83: FOSFATO MONOAMÓNICO | F83: =IF(COUNTIF($K$30:$K$41, B83)>0, "Básico", IF(COUNTIF($L$30:$L$71, B83)>0, "Intermedio", IF(COUNTIF('Capacidad instalada 2024'!$M$30:$M$73, B83)>0, "Final", "No encontrado"))) -> No encontrado
B84: GLUTAMATO MONOSÓDICO | F84: =IF(COUNTIF($K$30:$K$41, B84)>0, "Básico", IF(COUNTIF($L$30:$L$71, B84)>0, "Intermedio", IF(COUNTIF('Capacidad instalada 2024'!$M$30:$M$73, B84)>0, "Final", "No encontrado"))) -> No encontrado
B85: HEXAMETILENDIAMINA | F85: =IF(COUNTIF($K$30:$K$41, B85)>0, "Básico", IF(COUNTIF($L$30:$L$71, B85)>0, "Intermedio", IF(COUNTIF('Capacidad instalada 2024'!$M$30:$M$73, B85)>0, "Final", "No encontrado"))) -> Intermedio
B86: HEXAMETILENTETRAMINA | F86: =IF(COUNTIF($K$30:$K$41, B86)>0, "Básico", IF(COUNTIF($L$30:$L$71, B86)>0, "Intermedio", IF(COUNTIF('Capacidad instalada 2024'!$M$30:$M$73, B86)>0, "Final", "No encontrado"))) -> Final
B87: HEXENO | F87: =IF(COUNTIF($K$30:$K$41, B87)>0, "Básico", IF(COUNTIF($L$30:$L$71, B87)>0, "Intermedio", IF(COUNTIF('Capacidad instalada 2024'!$M$30:$M$73, B87)>0, "Final", "No encontrado"))) -> No encontrado
B88: HEXILENGLICOL | F88: =IF(COUNTIF($K$30:$K$41, B88)>0, "Básico", IF(COUNTIF($L$30:$L$71, B88)>0, "Intermedio", IF(COUNTIF('Capacidad instalada 2024'!$M$30:$M$73, B88)>0, "Final", "No encontrado"))) -> No encontrado
B89: ISOPROPANOL | C89: CARBOCLOR S.A. | D89: Campana | E89: Bs As | F89: =IF(COUNTIF($K$30:$K$41, B89)>0, "Básico", IF(COUNTIF($L$30:$L$71, B89)>0, "Intermedio", IF(COUNTIF('Capacidad instalada 2024'!$M$30:$M$73, B89)>0, "Final", "No encontrado"))) -> Intermedio | H89: Inactiva | I89: 45400
B90: MELAMINA | F90: =IF(COUNTIF($K$30:$K$41, B90)>0, "Básico", IF(COUNTIF($L$30:$L$71, B90)>0, "Intermedio", IF(COUNTIF('Capacidad instalada 2024'!$M$30:$M$73, B90)>0, "Final", "No encontrado"))) -> Intermedio
B91: METACRILATO DE METILO | F91: =IF(COUNTIF($K$30:$K$41, B91)>0, "Básico", IF(COUNTIF($L$30:$L$71, B91)>0, "Intermedio", IF(COUNTIF('Capacidad instalada 2024'!$M$30:$M$73, B91)>0, "Final", "No encontrado"))) -> Final
B92: METANOL | C92: YPF S.A. Huincul | D92: P. Huincul | E92: Neuquen | F92: =IF(COUNTIF($K$30:$K$41, B92)>0, "Básico", IF(COUNTIF($L$30:$L$71, B92)>0, "Intermedio", IF(COUNTIF('Capacidad instalada 2024'!$M$30:$M$73, B92)>0, "Final", "No encontrado"))) -> Básico | H92: 411000
B93: METANOL | C93: ARAUCO ARGENTINA S.A. - División Química | D93: Puerto General San Martin | E93: Santa Fe | F93: =IF(COUNTIF($K$30:$K$41, B93)>0, "Básico", IF(COUNTIF($L$30:$L$71, B93)>0, "Intermedio", IF(COUNTIF('Capacidad instalada 2024'!$M$30:$M$73, B93)>0, "Final", "No encontrado"))) -> Básico | H93: 50000
B94: METILATO DE SODIO | C94: EVONIK METILATOS S.A. | D94: Puerto General San Martin | E94: Santa Fe | F94: =IF(COUNTIF($K$30:$K$41, B94)>0, "Básico", IF(COUNTIF($L$30:$L$71, B94)>0, "Intermedio", IF(COUNTIF('Capacidad instalada 2024'!$M$30:$M$73, B94)>0, "Final", "No encontrado"))) -> No encontrado | H94: 90000
B95: METIL ETIL CETONA | C95: CARBOCLOR S.A. | D95: Campana | E95: Bs As | F95: =IF(COUNTIF($K$30:$K$41, B95)>0, "Básico", IF(COUNTIF($L$30:$L$71, B95)>0, "Intermedio", IF(COUNTIF('Capacidad instalada 2024'!$M$30:$M$73, B95)>0, "Final", "No encontrado"))) -> Final | H95: Inactiva | I95: 9000
B96: METIL ISOBUTIL CARBINOL | C96: CARBOCLOR S.A. | D96: Campana | E96: Bs As | F96: =IF(COUNTIF($K$30:$K$41, B96)>0, "Básico", IF(COUNTIF($L$30:$L$71, B96)>0, "Intermedio", IF(COUNTIF('Capacidad instalada 2024'!$M$30:$M$73, B96)>0, "Final", "No encontrado"))) -> No encontrado | H96: Inactiva | I96: 2000
B97: METIL ISOBUTIL CETONA | C97: CARBOCLOR S.A. | D97: Campana | E97: Bs As | F97: =IF(COUNTIF($K$30:$K$41, B97)>0, "Básico", IF(COUNTIF($L$30:$L$71, B97)>0, "Intermedio", IF(COUNTIF('Capacidad instalada 2024'!$M$30:$M$73, B97)>0, "Final", "No encontrado"))) -> Final | H97: Inactiva | I97: 8500
B98: METIONINA | F98: =IF(COUNTIF($K$30:$K$41, B98)>0, "Básico", IF(COUNTIF($L$30:$L$71, B98)>0, "Intermedio", IF(COUNTIF('Capacidad instalada 2024'!$M$30:$M$73, B98)>0, "Final", "No encontrado"))) -> No encontrado
B99: MONOISOPROPILAMINA | F99: =IF(COUNTIF($K$30:$K$41, B99)>0, "Básico", IF(COUNTIF($L$30:$L$71, B99)>0, "Intermedio", IF(COUNTIF('Capacidad instalada 2024'!$M$30:$M$73, B99)>0, "Final", "No encontrado"))) -> No encontrado
B100: MTBE | C100: YPF S.A. Ensenada | D100: Ensenada | E100: Bs As | F100: =IF(COUNTIF($K$30:$K$41, B100)>0, "Básico", IF(COUNTIF($L$30:$L$71, B100)>0, "Intermedio", IF(COUNTIF('Capacidad instalada 2024'!$M$30:$M$73, B100)>0, "Final", "No encontrado"))) -> No encontrado | H100: 60000
B101: MTBE | C101: YPF S.A. Cuyo | D101: Lujan de Cuyo | E101: Mendoza | F101: =IF(COUNTIF($K$30:$K$41, B101)>0, "Básico", IF(COUNTIF($L$30:$L$71, B101)>0, "Intermedio", IF(COUNTIF('Capacidad instalada 2024'!$M$30:$M$73, B101)>0, "Final", "No encontrado"))) -> No encontrado | H101: 48000
...

Sheet Capacidad instalada 2021
B2: Capacidad instalada de productos petroquimicos 2021 | I2: Capacidad instalada por ciudad | N2: Capacidad instalada por provincia
B3: Producto Petroquimico | C3: Planta | D3: Ciudad | E3: Provincia | F3: Capacidad instalada activa | G3: Plantas inactivas/cerradas | I3: Ciudad | J3: Capacidad instalada | K3: % del total | N3: Provincia | O3: Capacidad instalada | P3: % del total
B4: ABS | I4: Bahia Blanca | J4: =SUMIF(D$4:D$152,I4,F$4:F$152) -> 4302000 | K4: =J4/J$28 -> 0.55767127 | N4: Bs As | O4: =SUMIF(E$4:E$152,N4,F$4:F$152) -> 5885292 | P4: =O4/O$12 -> 0.76316185
B5: ACETALDEHÍDO | C5: ATANOR S.C.A. | D5: Baradero | E5: Bs As | F5: Cerro | G5: 9000 | I5: Baradero | J5: =SUMIF(D$4:D$152,I5,F$4:F$152) -> 0 | K5: =J5/J$28 -> 0 | N5: Cordoba | O5: =SUMIF(E$4:E$152,N5,F$4:F$152) -> 74800 | P5: =O5/O$12 -> 0.0096995198
B6: ACETATO DE ETILO | C6: ATANOR S.C.A. | D6: Baradero | E6: Bs As | F6: Cerro | G6: 28000 | I6: Berazategui | J6: =SUMIF(D$4:D$152,I6,F$4:F$152) -> 0 | K6: =J6/J$28 -> 0 | N6: Salta | O6: =SUMIF(E$4:E$152,N6,F$4:F$152) -> 205000 | P6: =O6/O$12 -> 0.026582908
B7: ACETATO DE n-BUTILO | C7: ATANOR S.C.A. | D7: Baradero | E7: Bs As | F7: Cerro | G7: 6000 | I7: Burzaco | J7: =SUMIF(D$4:D$152,I7,F$4:F$152) -> 0 | K7: =J7/J$28 -> 0 | N7: San Luis | O7: =SUMIF(E$4:E$152,N7,F$4:F$152) -> 25730 | P7: =O7/O$12 -> 0.0033364792
B8: ACETATO DE VINILO | I8: Campana | J8: =SUMIF(D$4:D$152,I8,F$4:F$152) -> 246700 | K8: =J8/J$28 -> 0.031979894 | N8: Santa Fe | O8: =SUMIF(E$4:E$152,N8,F$4:F$152) -> 872900 | P8: =O8/O$12 -> 0.11319132
B9: ACETONA | C9: CARBOCLOR S.A. | D9: Campana | E9: Bs As | F9: Inactiva | G9: 18000 | I9: Concordia | J9: =SUMIF(D$4:D$152,I9,F$4:F$152) -> 59000 | K9: =J9/J$28 -> 0.0076482113 | N9: Entre Rios | O9: =SUMIF(E$4:E$152,N9,F$4:F$152) -> 59000 | P9: =O9/O$12 -> 0.0076506907
B10: ÁCIDO 2-ETILHEXANOICO | I10: El Galpon | J10: =SUMIF(D$4:D$152,I10,F$4:F$152) -> 205000 | K10: =J10/J$28 -> 0.026574294 | N10: Neuquen | O10: =SUMIF(E$4:E$152,N10,F$4:F$152) -> 411000 | P10: =O10/O$12 -> 0.05329549
B11: ÁCIDO ACÉTICO | C11: ATANOR S.C.A. | D11: Baradero | E11: Bs As | F11: Cerro | G11: 12000 | I11: Ensenada | J11: =SUMIF(D$4:D$152,I11,F$4:F$152) -> 1042500 | K11: =J11/J$28 -> 0.13514001 | N11: Mendoza | O11: =SUMIF(E$4:E$152,N11,F$4:F$152) -> 178000 | P11: =O11/O$12 -> 0.023081745
B12: ÁCIDO ACÉTICO | C12: ATANOR S.C.A. | D12: Rio Tercero | E12: Cordoba | F12: Inactiva | G12: 3600 | I12: General Lagos | J12: =SUMIF(D$4:D$152,I12,F$4:F$152) -> 18500 | K12: =J12/J$28 -> 0.002398168 | N12: Total | O12: =SUM(O4:O11) -> 7711722 | P12: =SUM(P4:P11) -> 1
B13: ÁCIDO ACRÍLICO Y SUS ÉSTERES | I13: Junin | J13: =SUMIF(D$4:D$152,I13,F$4:F$152) -> 1400 | K13: =J13/J$28 -> 0.00018148298
B14: ÁCIDO ADÍPICO | I14: Lujan de Cuyo | J14: =SUMIF(D$4:D$152,I14,F$4:F$152) -> 178000 | K14: =J14/J$28 -> 0.023074265 | N14: Capacidad instalada Provincia de Buenos Aires
B15: ÁCIDO BENZOICO | C15: PETROQUIMICA ARGENTINA S.A. | D15: San Miguel del Monte | E15: Bs As | F15: 2500 | I15: Munro | J15: =SUMIF(D$4:D$152,I15,F$4:F$152) -> 0 | K15: =J15/J$28 -> 0 | N15: Ciudad | O15: Capacidad instalada | P15: % del total
B16: ÁCIDO CÍTRICO | I16: Olmos | J16: =SUMIF(D$4:D$152,I16,F$4:F$152) -> 0 | K16: =J16/J$28 -> 0 | N16: Bahia Blanca | O16: =SUMIF(D$4:D$152,N16,F$4:F$152) -> 4302000 | P16: =O16/O$29 -> 0.73097478
B17: ÁCIDO FÓRMICO | I17: P. Huincul | J17: =SUMIF(D$4:D$152,I17,F$4:F$152) -> 411000 | K17: =J17/J$28 -> 0.053278218 | N17: Baradero | O17: =SUMIF(D$4:D$152,N17,F$4:F$152) -> 0 | P17: =O17/O$29 -> 0
B18: ÁCIDO FUMÁRICO | I18: Puerto Galvan | J18: =SUMIF(D$4:D$152,I18,F$4:F$152) -> 0 | K18: =J18/J$28 -> 0 | N18: Berazategui | O18: =SUMIF(D$4:D$152,N18,F$4:F$152) -> 0 | P18: =O18/O$29 -> 0
B19: ÁCIDO NÍTRICO | C19: AUSTIN POWDER ARGENTINA S.A. | D19: El Galpon | E19: Salta | F19: 60000 | I19: San Miguel del Monte | J19: =SUMIF(D$4:D$152,I19,F$4:F$152) -> 2500 | K19: =J19/J$28 -> 0.00032407675 | N19: Burzaco | O19: =SUMIF(D$4:D$152,N19,F$4:F$152) -> 0 | P19: =O19/O$29 -> 0
B20: ÁCIDO NÍTRICO | C20: FÁBRICA MILITAR RÍO TERCERO | D20: Rio Tercero | E20: Cordoba | F20: 39000 | I20: San Nicolas | J20: =SUMIF(D$4:D$152,I20,F$4:F$152) -> 15192 | K20: =J20/J$28 -> 0.0019693496 | N20: Campana | O20: =SUMIF(D$4:D$152,N20,F$4:F$152) -> 246700 | P20: =O20/O$29 -> 0.041918056
B21: ÁCIDO NÍTRICO | C21: FRÍO INDUSTRIAS ARGENTINAS S.A. | D21: Villa Mercedes | E21: San Luis | F21: 10730 | I21: Puerto General San Martin | J21: =SUMIF(D$4:D$152,I21,F$4:F$152) -> 819900 | K21: =J21/J$28 -> 0.10628421 | N21: Ensenada | O21: =SUMIF(D$4:D$152,N21,F$4:F$152) -> 1042500 | P21: =O21/O$29 -> 0.1771365
B22: ÁCIDO OXÁLICO | I22: Rio Tercero | J22: =SUMIF(D$4:D$152,I22,F$4:F$152) -> 74800 | K22: =J22/J$28 -> 0.0096963764 | N22: Junin | O22: =SUMIF(D$4:D$152,N22,F$4:F$152) -> 1400 | P22: =O22/O$29 -> 0.00023788115
B23: ÁCIDO SALICÍLICO | I23: San Lorenzo | J23: =SUMIF(D$4:D$152,I23,F$4:F$152) -> 34500 | K23: =J23/J$28 -> 0.0044722592 | N23: Munro | O23: =SUMIF(D$4:D$152,N23,F$4:F$152) -> 0 | P23: =O23/O$29 -> 0
B24: ÁCIDO TEREFTÁLICO | I24: San Luis | J24: =SUMIF(D$4:D$152,I24,F$4:F$152) -> 15000 | K24: =J24/J$28 -> 0.0019444605 | N24: Olmos | O24: =SUMIF(D$4:D$152,N24,F$4:F$152) -> 0 | P24: =O24/O$29 -> 0
B25: ACRILONITRILO | I25: San Miguel del Monte | J25: =SUMIF(D$4:D$152,I25,F$4:F$152) -> 2500 | K25: =J25/J$28 -> 0.00032407675 | N25: Puerto Galvan | O25: =SUMIF(D$4:D$152,N25,F$4:F$152) -> 0 | P25: =O25/O$29 -> 0
B26: ALCOHOL POLIVINÍLICO | I26: Villa Mercedes | J26: =SUMIF(D$4:D$152,I26,F$4:F$152) -> 10730 | K26: =J26/J$28 -> 0.0013909374 | N26: San Miguel del Monte | O26: =SUMIF(D$4:D$152,N26,F$4:F$152) -> 2500 | P26: =O26/O$29 -> 0.00042478776
B27: ALCOHOLES C7 a C13 | C27: YPF S.A. | D27: Ensenada | E27: Bs As | F27: 35000 | I27: Zarate | J27: =SUMIF(D$4:D$152,I27,F$4:F$152) -> 275000 | K27: =J27/J$28 -> 0.035648443 | N27: San Nicolas | O27: =SUMIF(D$4:D$152,N27,F$4:F$152) -> 15192 | P27: =O27/O$29 -> 0.0025813503
B28: ALQUILBENCENO LINEAL | C28: YPF S.A. | D28: Ensenada | E28: Bs As | F28: 53000 | I28: Total | J28: =SUM(J4:J27) -> 7714222 | K28: =SUM(K4:K27) -> 1 | N28: Zarate | O28: =SUMIF(D$4:D$152,N28,F$4:F$152) -> 275000 | P28: =O28/O$29 -> 0.046726653
B29: AMONÍACO | C29: PROFERTIL S.A. | D29: Bahia Blanca | E29: Bs As | F29: 790000 | N29: Total | O29: =SUM(O16:O28) -> 5885292 | P29: =SUM(P16:P28) -> 1
B30: AMONÍACO | C30: BUNGE ARGENTINA S.A. | D30: Campana | E30: Bs As | F30: 29700
B31: AMONÍACO | C31: AUSTIN POWDER ARGENTINA S.A. | D31: El Galpon | E31: Salta | F31: 60000
B32: ANHÍDRIDO ACÉTICO | C32: ATANOR S.C.A. | D32: Baradero | E32: Bs As | F32: Cerro | G32: 2500 | I32: Clasificacion de los productos petroquimicos
B33: ANHÍDRIDO FTÁLICO | C33: VARTECO QUÍMICA PUNTANA S.A. | D33: San Lorenzo | E33: Santa Fe | F33: 17500 | I33: Basicos | J33: Intermedios | K33: Finales
B34: ANHÍDRIDO MALEICO | C34: YPF S.A. | D34: Ensenada | E34: Bs As | F34: 17500 | I34: Amoníaco | J34: Acetaldehído | K34: ABS
B35: BENCENO | C35: YPF S.A. | D35: Ensenada | E35: Bs As | I35: Benceno | J35: Acetato de vinilo | K35: Acetato de n-butilo
B36: BENCENO | C36: PAMPA ENERGÍA S.A. | D36: Puerto General San Martin | E36: Santa Fe | I36: Butadieno | J36: Acetona | K36: Acetato de etilo
B37: BISFENOL A | I37: Buteno-1 | J37: Ácido acético | K37: Caucho acrilonitrilo-butadieno
B38: BUTADIENO | I38: Butileno | J38: Ácido adípico | K38: Caucho butilo
B39: BUTANOL SECUNDARIO | C39: CARBOCLOR S.A. | D39: Campana | E39: Bs As | F39: Inactiva | G39: 13000 | I39: Etileno | J39: Ácido benzoico | K39: Caucho estireno-butadieno
B40: BUTENO-1 | C40: YPF S.A. | D40: Ensenada | E40: Bs As | F40: 25000 | I40: Metanol | J40: Ácido fórmico | K40: Caucho etileno-propileno
B41: BUTIL HIDROXI TOLUENO - BHT | I41: Propileno | J41: Ácido fumárico | K41: Caucho polibutadieno
B42: CAPROLACTAMA | I42: Sulfuro de carbono | J42: Ácido nítrico | K42: Caucho policloropreno
B43: CAUCHO ACRILONITRILO-BUTADIENO (NBR) | C43: PAMPA ENERGÍA S.A. | D43: Puerto General San Martin | E43: Santa Fe | F43: 2000 | I43: Tolueno | J43: Ácido salicílico | K43: Caucho poliisopreno
B44: CAUCHO BUTILO | I44: o-Xileno | J44: Ácido tereftálico | K44: Cloruro de amonio
B45: CAUCHO ESTIRENO-BUTADIENO (SBR) | C45: PAMPA ENERGÍA S.A. | D45: Puerto General San Martin | E45: Santa Fe | F45: 53000 | I45: Xilenos mezcla | J45: Acrilonitrilo | K45: Cloruro de metileno
B46: CAUCHO ETILENO-PROPILENO | J46: Alcoholes de C7 a C13 | K46: Concentrado urea-formol
B47: CAUCHO POLIBUTADIENO | J47: Alquilbenceno lineal | K47: Copolímero EVA
B48: CAUCHO POLICLOROPRENO | J48: Anhídrico ftalico | K48: Dietilenglicol
B49: CAUCHO POLIISOPRENO | J49: Anhídrico maleico | K49: Di-isocianato de difenilmetano (MDI)
B50: CIANURO DE SODIO | J50: Bisfenol A | K50: Di-isocianato de tolueno (TDI)
B51: CICLOHEXANO | C51: YPF S.A. | D51: Ensenada | E51: Bs As | F51: 95000 | J51: i-Butanol | K51: Éteres glicólicos
B52: CICLOHEXANONA | J52: n-Butanol | K52: Fosfato diamónico
B53: CLOROFORMO | J53: Butanol secundario | K53: Hexametilentetramina
B54: CLORURO DE AMONIO | J54: Butil hidroxi tolueno - BHT | K54: Metacrilato de metilo
B55: CLORURO DE METILENO | J55: Caprolactama | K55: Metil etil cetona
B56: CLORURO DE VINILO | C56: UNIPAR INDUPA SAIC | D56: Bahia Blanca | E56: Bs As | F56: 231000 | J56: Ciclohexano | K56: Metil isobutil cetona
B57: CONCENTRADO UREA-FORMOL | C57: RESINAS CONCORDIA S.R.L. | D57: Concordia | E57: Entre Rios | F57: 24000 | J57: Cloroformo | K57: Negro de humo
B58: CONCENTRADO UREA-FORMOL | C58: ATANOR S.C.A. | D58: Munro | E58: Bs As | F58: Cerro | G58: 6600 | J58: Cloruro de vinilo | K58: Nitrato de amonio
B59: CONCENTRADO UREA-FORMOL | C59: ARAUCO ARGENTINA S.A. - División Química | D59: Puerto General San Martin | E59: Santa Fe | F59: 30000 | J59: Dicloroetileno | K59: Nylon 6
B60: COPOLÍMERO EVA | J60: Epiclorhidrina | K60: Nylon 66
B61: DICLOROETILENO | C61: UNIPAR INDUPA SAIC | D61: Bahia Blanca | E61: Bs As | F61: 266000 | J61: Estireno | K61: Policloruro de vinilo (PVC) y copolímeros
B62: DIETILENGLICOL | J62: Etanolaminas (mono, di, tri) | K62: Poliestireno convencional y alto impacto
B63: DI-ISOCIANATO DE DIFENILMETANO (MDI) | J63: Etilbenceno | K63: Poliestireno expandible
B64: DI-ISOCIANATO DE TOLUENO (TDI) | C64: PETROQUIMICA RIO TERCERO SA | D64: Rio Tercero | E64: Cordoba | F64: 27500 | J64: Etilenglicol | K64: Polietilenglicoles y propilenglicoles sólidos
B65: EPICLORHIDRINA | J65: Fenol | K65: Polietileno de alta densidad
B66: ESTIRENO | C66: PAMPA ENERGÍA S.A. | D66: Puerto General San Martin | E66: Santa Fe | F66: 160000 | J66: Formaldehído 37 % | K66: Polietileno de baja densidad convencional
B67: ETANOLAMINAS (Mono, Di, Tri) | J67: Hexametilendiamina | K67: Polietileno de baja densidad lineal
B68: ÉTERES GLICÓLICOS | C68: PBBPolisur S.A. | D68: Puerto General San Martin | E68: Santa Fe | F68: 6900 | J68: Isopropanol | K68: Poliisobuteno
B69: ETILBENCENO | C69: PAMPA ENERGÍA S.A. | D69: Puerto General San Martin | E69: Santa Fe | F69: 180000 | J69: Melamina | K69: Polioxi propilenglicoles
B70: ETILENGLICOL | J70: Nonilfenol | K70: Polipropileno
B71: ETILENO | C71: PBBPolisur S.A. | D71: Bahia Blanca | E71: Bs As | F71: 275000 | J71: Óxido de etileno | K71: Politereftalato de etileno - Envase
B72: ETILENO | C72: PBBPolisur S.A. | D72: Bahia Blanca | E72: Bs As | F72: 425000 | J72: Óxido de propileno | K72: Politereftalato de etileno - Textil
B73: ETILENO | C73: PAMPA ENERGÍA S.A. | D73: Puerto General San Martin | E73: Santa Fe | F73: 31000 | J73: Paraformaldehído (92 %) | K73: SAN
B74: FENOL | J74: Pentaeritritol | K74: Sulfato de amonio
B75: FORMALDEHÍDO 37 %(1) | C75: RESINAS CONCORDIA S.R.L. | D75: Concordia | E75: Entre Rios | F75: 35000 | J75: Propilenglicol | K75: Tetracloroetileno
B76: FORMALDEHÍDO 37 %(1) | C76: ATANOR S.C.A. | D76: Munro | E76: Bs As | F76: Cerro | G76: 15000 | K76: Tricloroetileno
B77: FORMALDEHÍDO 37 %(1) | C77: ARAUCO ARGENTINA S.A. - División Química | D77: Puerto General San Martin | E77: Santa Fe | F77: 48000 | K77: Urea
B78: FOSFATO DIAMÓNICO
B79: FOSFATO MONOAMÓNICO
B80: GLUTAMATO MONOSÓDICO
B81: HEXAMETILENDIAMINA
B82: HEXAMETILENTETRAMINA
B83: HEXENO
B84: HEXILENGLICOL
B85: i-BUTANOL
B86: ISOPROPANOL | C86: CARBOCLOR S.A. | D86: Campana | E86: Bs As | F86: Inactiva | G86: 45400
B87: MELAMINA
B88: METACRILATO DE METILO
B89: METANOL | C89: YPF S.A. | D89: P. Huincul | E89: Neuquen | F89: 411000
B90: METANOL | C90: ARAUCO ARGENTINA S.A. - División Química | D90: Puerto General San Martin | E90: Santa Fe | F90: 50000
B91: METIL ETIL CETONA | C91: CARBOCLOR S.A. | D91: Campana | E91: Bs As | F91: Inactiva | G91: 9000
B92: METIL ISOBUTIL CARBINOL | C92: CARBOCLOR S.A. | D92: Campana | E92: Bs As | F92: Inactiva | G92: 2000
B93: METIL ISOBUTIL CETONA | C93: CARBOCLOR S.A. | D93: Campana | E93: Bs As | F93: Inactiva | G93: 8500
B94: METILATO DE SODIO | C94: Evonik Metilatos S.A. | D94: Puerto General San Martin | E94: Santa Fe | F94: 60000
B95: METIONINA
B96: MONOISOPROPILAMINA
B97: MTBE | C97: CARBOCLOR S.A. | D97: Campana | E97: Bs As | F97: Inactiva | G97: 33000
B98: MTBE | C98: YPF S.A. | D98: Ensenada | E98: Bs As | F98: 60000
B99: MTBE | C99: YPF S.A. | D99: Lujan de Cuyo | E99: Mendoza | F99: 48000
B100: N. N - DIMETILFORMAMIDA
B101: NAFTALENO | C101: CARBOQUIMICA DEL PARANA S.A. | D101: San Nicolas | E101: Bs As | F101: 4680
...

Sheet Produccion local vs nacional
Q1: Grafico 2
C3: Produccion nacional 2015 - 2024 | L3: Produccion nacional vs local 2015 2024
C4: Año | D4: T basicos | E4: % Basicos | F4: T inter | G4: % Intermedios | H4: T finales | I4: % Finales | J4: Total | L4: Año | M4: Produccion local | N4: Produccion nacional
C5: 2015 | D5: 2435900 | E5: 42 | F5: 809000 | G5: 13.9 | H5: 2559800 | I5: 44.1 | J5: 5804700 | L5: 2015 | M5: 3.424293 | N5: 5.8047
C6: 2016 | D6: 2606500 | E6: 41.8 | F6: 819600 | G6: 13.2 | H6: 2799000 | I6: 45 | J6: 6225100 | L6: 2016 | M6: 3.931271 | N6: 6.2251
C7: 2017 | D7: 2546700 | E7: 39.9 | F7: 749100 | G7: 11.7 | H7: 3092800 | I7: 48.4 | J7: 6388600 | L7: 2017 | M7: 4.236176 | N7: 6.3886
C8: 2018 | D8: 2366500 | E8: 41.8 | F8: 692100 | G8: 12.2 | H8: 2602200 | I8: 46 | J8: 5660800 | L8: 2018 | M8: 3.522561 | N8: 5.6608
C9: 2019 | D9: 2238100 | E9: 41.7 | F9: 613200 | G9: 11.4 | H9: 2521800 | I9: 46.9 | J9: 5373100 | L9: 2019 | M9: 3.425754 | N9: 5.3731
C10: 2020 | D10: 2176600 | E10: 39.7 | F10: 588500 | G10: 10.7 | H10: 2718700 | I10: 49.6 | J10: 5483800 | L10: 2020 | M10: 3.912917 | N10: 5.4838
C11: 2021 | D11: 2161200 | E11: 40.9 | F11: 679700 | G11: 12.8 | H11: 2447200 | I11: 46.3 | J11: 5288100 | L11: 2021 | M11: 3.22912 | N11: 5.2881
C12: 2022 | D12: 2566300 | E12: 40.3 | F12: 740600 | G12: 11.6 | H12: 3060600 | I12: 48.1 | J12: 6367500 | L12: 2022 | M12: 4.183785 | N12: 6.3675
C13: 2023 | D13: 2454900 | E13: 40.3 | F13: 701100 | G13: 11.5 | H13: 2940100 | I13: 48.2 | J13: 6096100 | L13: 2023 | M13: 3.994434 | N13: 6.0961
C14: 2024 | D14: 2485000 | E14: 41.9 | F14: 642700 | G14: 10.8 | H14: 2808900 | I14: 47.3 | J14: 5936600 | L14: 2024 | M14: 3.999692 | N14: 5.9366
C17: Produccion Bahia Blanca 2024 | L17: Producto | M17: 2015 | N17: 2016 | O17: 2017 | P17: 2018 | Q17: 2019 | R17: 2020 | S17: 2021 | T17: 2022 | U17: 2023 | V17: 2024
C18: Producto Petroquimico | D18: Planta | E18: Ciudad | F18: Provincia | G18: Capacidad instalada | H18: U$S/t | I18: Produccion local | J18: Valoracion de la produccion | L18: AMONÍACO | M18: 608529 | N18: 740893 | O18: 856961 | P18: 627093 | Q18: 729766 | R18: 778003 | S18: 593433 | T18: 886236 | U18: 777865 | V18: 853645
C19: AMONÍACO | D19: PROFERTIL S.A. | E19: Bahia Blanca | F19: Bs As | G19: 790000 | H19: 323 | I19: 853645 | J19: ='Produccion local vs nacional'!$H19*'Produccion local vs nacional'!$I19 -> 275727335 | L19: CLORURO DE VINILO | M19: 202977 | N19: 214188 | O19: 186961 | P19: 185666 | Q19: 160919 | R19: 169410 | S19: 188015 | T19: 201954 | U19: 194769 | V19: 183857
C20: CLORURO DE VINILO | D20: UNIPAR INDUPA S.A.I.C. | E20: Bahia Blanca | F20: Bs As | G20: 231000 | H20: 550 | I20: 183857 | J20: ='Produccion local vs nacional'!$H20*'Produccion local vs nacional'!$I20 -> 101121350 | L20: DICLOROETILENO | M20: 176001 | N20: 186723 | O20: 161280 | P20: 161788 | Q20: 141568 | R20: 132240 | S20: 144372 | T20: 170017 | U20: 164124 | V20: 160508
C21: DICLOROETILENO | D21: UNIPAR INDUPA S.A.I.C. | E21: Bahia Blanca | F21: Bs As | G21: 266000 | H21: 149 | I21: 160508 | J21: ='Produccion local vs nacional'!$H21*'Produccion local vs nacional'!$I21 -> 23915692 | L21: ETILENO | M21: 718038 | N21: 771232 | O21: 726352 | P21: 718057 | Q21: 546109 | R21: 736784 | S21: 649076 | T21: 707675 | U21: 761850 | V21: 667918
C22: ETILENO | D22: PBBPolisur S.R.L. | E22: Bahia Blanca | F22: Bs As | G22: 750000 | H22: 946 | I22: 667918 | J22: ='Produccion local vs nacional'!$H22*'Produccion local vs nacional'!$I22 -> 631850428 | L22: POLICLORURO DE VINILO (PVC) Y COPOLÍMEROS | M22: 204045 | N22: 212579 | O22: 187361 | P22: 184077 | Q22: 161511 | R22: 168628 | S22: 185740 | T22: 203440 | U22: 194865 | V22: 182556
C23: ETILENO | D23: PBBPolisur S.R.L. | E23: Bahia Blanca | F23: Bs As | J23: ='Produccion local vs nacional'!$H23*'Produccion local vs nacional'!$I23 -> 0 | L23: POLIETILENO DE ALTA DENSIDAD | M23: 249443 | N23: 286920 | O23: 258638 | P23: 304276 | Q23: 211794 | R23: 283294 | S23: 250126 | T23: 276054 | U23: 283406 | V23: 250701
C24: POLICLORURO DE VINILO (PVC) Y COPOLÍMEROS | D24: UniPAR INDUPA S.A.I.C. | E24: Bahia Blanca | F24: Bs As | G24: 230000 | H24: 1218 | I24: 182556 | J24: ='Produccion local vs nacional'!$H24*'Produccion local vs nacional'!$I24 -> 222353208 | L24: POLIETILENO DE BAJA DENSIDAD CONVENCIONAL | M24: 72728 | N24: 3114 | O24: 84051 | P24: 90363 | Q24: 78428 | R24: 99758 | S24: 80509 | T24: 88874 | U24: 95641 | V24: 93802
C25: POLIETILENO DE ALTA DENSIDAD | D25: PBBPolisur S.R.L. | E25: Bahia Blanca | F25: Bs As | G25: 135000 | I25: 250701 | J25: ='Produccion local vs nacional'!$H25*'Produccion local vs nacional'!$I25 -> 0 | L25: POLIETILENO DE BAJA DENSIDAD LINEAL | M25: 260302 | N25: 309886 | O25: 279610 | P25: 235234 | Q25: 217261 | R25: 261225 | S25: 219141 | T25: 271714 | U25: 301835 | V25: 274288
C26: POLIETILENO DE ALTA DENSIDAD | D26: PBBPolisur S.R.L. | E26: Bahia Blanca | F26: Bs As | J26: ='Produccion local vs nacional'!$H26*'Produccion local vs nacional'!$I26 -> 0 | L26: UREA | M26: 932230 | N26: 1205736 | O26: 1494962 | P26: 1016007 | Q26: 1178398 | R26: 1283575 | S26: 918708 | T26: 1377821 | U26: 1220079 | V26: 1332417
C27: POLIETILENO DE ALTA DENSIDAD | D27: PBBPolisur S.R.L. | E27: Bahia Blanca | F27: Bs As | J27: ='Produccion local vs nacional'!$H27*'Produccion local vs nacional'!$I27 -> 0 | L27: Total | M27: =SUM(M18:M26) -> 3424293 | N27: =SUM(N18:N26) -> 3931271 | O27: =SUM(O18:O26) -> 4236176 | P27: =SUM(P18:P26) -> 3522561 | Q27: =SUM(Q18:Q26) -> 3425754 | R27: =SUM(R18:R26) -> 3912917 | S27: =SUM(S18:S26) -> 3229120 | T27: =SUM(T18:T26) -> 4183785 | ... V27: =SUM(V18:V26) -> 3999692
C28: POLIETILENO DE BAJA DENSIDAD CONVENCIONAL | D28: PBBPolisur S.R.L. | E28: Bahia Blanca | F28: Bs As | G28: 110000 | H28: 1312 | I28: 93802 | J28: ='Produccion local vs nacional'!$H28*'Produccion local vs nacional'!$I28 -> 123068224
C29: POLIETILENO DE BAJA DENSIDAD LINEAL | D29: PBBPolisur S.R.L. | E29: Bahia Blanca | F29: Bs As | G29: 520000 | I29: 274288 | J29: ='Produccion local vs nacional'!$H29*'Produccion local vs nacional'!$I29 -> 0
C30: POLIETILENO DE BAJA DENSIDAD LINEAL | D30: PBBPolisur S.R.L. | E30: Bahia Blanca | F30: Bs As | J30: ='Produccion local vs nacional'!$H30*'Produccion local vs nacional'!$I30 -> 0
C31: UREA | D31: PROFERTIL S.A. | E31: Bahia Blanca | F31: Bs As | G31: 1320000 | H31: 378 | I31: 1332417 | J31: ='Produccion local vs nacional'!$H31*'Produccion local vs nacional'!$I31 -> 503653626
C32: Total | G32: =SUM(G19:G31) -> 4352000 | I32: =SUM(I19:I31) -> 3999692 | J32: =SUM(J19:J31) -> 1881689863
C34: Consumo aparente local | I34: 2024
C35: 2021 | I35: Producto Petroquimico | J35: Planta | K35: Ciudad | L35: Provincia | M35: Consumo aparente local | N35: CIF | O35: FOB | P35: VALOR CIF | Q35: VALOR FOB | R35: Valuacion
C36: Producto Petroquimico | D36: Planta | E36: Ciudad | F36: Provincia | G36: Consumo aparente local | I36: AMONÍACO | J36: PROFERTIL S.A. | K36: Bahia Blanca | L36: Bs As | M36: 821676 | O36: 323 | P36: =N36*M36 -> 0 | Q36: =O36*M36 -> 265401348 | R36: 265401348
C37: AMONÍACO | D37: PROFERTIL S.A. | E37: Bahia Blanca | F37: Bs As | G37: 566856 | I37: CLORURO DE VINILO | J37: UNIPAR INDUPA S.A.I.C. | K37: Bahia Blanca | L37: Bs As | M37: 183857 | P37: =N37*M37 -> 0 | Q37: =O37*M37 -> 0 | R37: 0
C38: CLORURO DE VINILO | D38: UNIPAR INDUPA S.A.I.C. | E38: Bahia Blanca | F38: Bs As | G38: 188015 | I38: DICLOROETILENO | J38: UNIPAR INDUPA S.A.I.C. | K38: Bahia Blanca | L38: Bs As | M38: 160508 | P38: =N38*M38 -> 0 | Q38: =O38*M38 -> 0
C39: DICLOROETILENO | D39: UNIPAR INDUPA S.A.I.C. | E39: Bahia Blanca | F39: Bs As | G39: 164823 | I39: ETILENO | J39: PBBPolisur S.R.L. | K39: Bahia Blanca | L39: Bs As | M39: 711218 | N39: 946 | P39: =N39*M39 -> 672812228 | Q39: =O39*M39 -> 0 | R39: 672812228
C40: ETILENO | D40: PBBPolisur S.R.L. | E40: Bahia Blanca | F40: Bs As | G40: 640928 | I40: ETILENO | J40: PBBPolisur S.R.L. | K40: Bahia Blanca | L40: Bs As | P40: =N40*M40 -> 0 | Q40: =O40*M40 -> 0 | R40: 0
C41: ETILENO | D41: PBBPolisur S.R.L. | E41: Bahia Blanca | F41: Bs As | I41: POLICLORURO DE VINILO (PVC) Y COPOLÍMEROS | J41: UniPAR INDUPA S.A.I.C. | K41: Bahia Blanca | L41: Bs As | M41: 99354 | N41: 1677 | O41: 759 | P41: =N41*M41 -> 166616658 | Q41: =O41*M41 -> 75409686 | R41: 75409686
C42: POLICLORURO DE VINILO (PVC) Y COPOLÍMEROS | D42: UniPAR INDUPA S.A.I.C. | E42: Bahia Blanca | F42: Bs As | G42: 159339 | I42: POLIETILENO DE ALTA DENSIDAD | J42: PBBPolisur S.R.L. | K42: Bahia Blanca | L42: Bs As | M42: 214373 | N42: 1489 | O42: 1202 | P42: =N42*M42 -> 319201397 | Q42: =O42*M42 -> 257676346 | R42: 257676346
C43: POLIETILENO DE ALTA DENSIDAD | D43: PBBPolisur S.R.L. | E43: Bahia Blanca | F43: Bs As | G43: 251651 | I43: POLIETILENO DE ALTA DENSIDAD | J43: PBBPolisur S.R.L. | K43: Bahia Blanca | L43: Bs As | P43: =N43*M43 -> 0 | Q43: =O43*M43 -> 0 | R43: 0
C44: POLIETILENO DE ALTA DENSIDAD | D44: PBBPolisur S.R.L. | E44: Bahia Blanca | F44: Bs As | I44: POLIETILENO DE ALTA DENSIDAD | J44: PBBPolisur S.R.L. | K44: Bahia Blanca | L44: Bs As | P44: =N44*M44 -> 0 | Q44: =O44*M44 -> 0 | R44: 0
C45: POLIETILENO DE ALTA DENSIDAD | D45: PBBPolisur S.R.L. | E45: Bahia Blanca | F45: Bs As | I45: POLIETILENO DE BAJA DENSIDAD CONVENCIONAL | J45: PBBPolisur S.R.L. | K45: Bahia Blanca | L45: Bs As | M45: 192114 | N45: 1439 | O45: 1185 | P45: =N45*M45 -> 276452046 | Q45: =O45*M45 -> 227655090 | R45: 227655090
C46: POLIETILENO DE BAJA DENSIDAD CONVENCIONAL | D46: PBBPolisur S.R.L. | E46: Bahia Blanca | F46: Bs As | G46: 138440 | I46: POLIETILENO DE BAJA DENSIDAD LINEAL | J46: PBBPolisur S.R.L. | K46: Bahia Blanca | L46: Bs As | M46: 218513 | N46: 1508 | O46: 1140 | P46: =N46*M46 -> 329517604 | Q46: =O46*M46 -> 249104820 | R46: 249104820
C47: POLIETILENO DE BAJA DENSIDAD LINEAL | D47: PBBPolisur S.R.L. | E47: Bahia Blanca | F47: Bs As | G47: 250086 | I47: POLIETILENO DE BAJA DENSIDAD LINEAL | J47: PBBPolisur S.R.L. | K47: Bahia Blanca | L47: Bs As | P47: =N47*M47 -> 0 | Q47: =O47*M47 -> 0 | R47: 0
C48: POLIETILENO DE BAJA DENSIDAD LINEAL | D48: PBBPolisur S.R.L. | E48: Bahia Blanca | F48: Bs As | I48: UREA | J48: PROFERTIL S.A. | K48: Bahia Blanca | L48: Bs As | M48: 2413559 | N48: 378 | P48: =N48*M48 -> 912325302 | Q48: =O48*M48 -> 0 | R48: 912325302
C49: UREA | D49: PROFERTIL S.A. | E49: Bahia Blanca | F49: Bs As | G49: 2469602 | I49: CLORO | J49: UNIPAR INDUPA S.A.I.C. | K49: Bahia Blanca | L49: Bs As | M49: 278762 | N49: 341 | O49: 377 | P49: =N49*M49 -> 95057842 | Q49: =O49*M49 -> 105093274
C50: CLORO | D50: UNIPAR INDUPA S.A.I.C. | E50: Bahia Blanca | F50: Bs As | G50: 251882 | I50: HIDRÓXIDO DE SODIO 100 % (Soda Cáustica) | J50: UNIPAR INDUPA S.A.I.C. | K50: Bahia Blanca | L50: Bs As | M50: 295069 | N50: 746 | O50: 414 | P50: =N50*M50 -> 220121474 | Q50: =O50*M50 -> 122158566
C51: HIDRÓXIDO DE SODIO 100 % (Soda Cáustica) | D51: UNIPAR INDUPA S.A.I.C. | E51: Bahia Blanca | F51: Bs As | G51: 286217 | I51: Total | M51: =SUM(M36:M50) -> 5589003 | P51: =N51*M51 -> 0 | Q51: =O51*M51 -> 0 | R51: =SUM(R36:R50) -> 2660384820
C52: Total | G52: =SUM(G37:G51) -> 5367839
C55: Producto | D55: Año | E55: Consumo aparente | F55: CIF | G55: FOB | H55: VALOR CIF | I55: VALOR FOB | J55: Valuacion consumo aparente | K55: Produccion | L55: Valuacion produccion | N55: Producto basico | O55: Producción | P55: Importación | Q55: Exportación | R55: Consumo aparente
C56: Amoníaco | D56: 2021 | E56: 566856 | G56: 615 | H56: =E56*F56 -> 0 | I56: =E56*G56 -> 348616440 | J56: 348616440 | K56: 593433 | L56: =K56*G56 -> 364961295 | N56: Amoníaco | O56: 853645 | P56: 0 | Q56: 31970 | R56: 821676
C57: Amoníaco | D57: 2022 | E57: 853595 | G57: 1171 | H57: =E57*F57 -> 0 | I57: =E57*G57 -> 999559745 | J57: 999559745 | K57: 886236 | L57: =K57*G57 -> 1037782356 | N57: Etileno | O57: 667918 | P57: 43300 | Q57: 0 | R57: 711218
C58: Amoníaco | D58: 2023 | E58: 761927 | G58: 216 | H58: =E58*F58 -> 0 | I58: =E58*G58 -> 164576232 | J58: 164576232 | K58: 777865 | L58: =K58*G58 -> 168018840
C59: Amoníaco | D59: 2024 | E59: 821676 | G59: 323 | H59: =E59*F59 -> 0 | I59: =E59*G59 -> 265401348 | J59: 265401348 | K59: 853645 | L59: =K59*G59 -> 275727335 | N59: Producto basico | O59: Producción | P59: Importación | Q59: Exportación | R59: Consumo aparente
C60: Cloruro de Vinilo | D60: 2021 | E60: 188015 | G60: 0 | H60: =E60*F60 -> 0 | I60: =E60*G60 -> 0 | K60: 188015 | L60: =K60*G60 -> 0 | N60: PVC | O60: 182556 | P60: 9985 | Q60: 93187 | R60: 99354
C61: Cloruro de Vinilo | D61: 2022 | E61: 201954 | G61: 0 | H61: =E61*F61 -> 0 | I61: =E61*G61 -> 0 | K61: 201954 | L61: =K61*G61 -> 0 | N61: Urea | O61: 1332417 | P61: 1081189 | Q61: 0 | R61: 2413559
C62: Cloruro de Vinilo | D62: 2023 | E62: 194769 | G62: 0 | H62: =E62*F62 -> 0 | I62: =E62*G62 -> 0 | K62: 194769 | L62: =K62*G62 -> 0
C63: Cloruro de Vinilo | D63: 2024 | E63: 183857 | G63: 0 | H63: =E63*F63 -> 0 | I63: =E63*G63 -> 0 | K63: 183857 | L63: =K63*G63 -> 0
C64: Dicloroetileno | D64: 2021 | E64: 164823 | F64: 785 | H64: =E64*F64 -> 129386055 | I64: =E64*G64 -> 0 | J64: 129386055 | K64: 144372 | L64: =K64*F64 -> 113332020
C65: Dicloroetileno | D65: 2022 | E65: 170017 | F65: 27000 | H65: =E65*F65 -> 4590459000 | I65: =E65*G65 -> 0 | K65: 170017 | L65: =K65*F65 -> 4590459000
C66: Dicloroetileno | D66: 2023 | E66: 164124 | F66: 31732 | H66: =E66*F66 -> 5207982768 | I66: =E66*G66 -> 0 | K66: 164124 | L66: =K66*F66 -> 5207982768
C67: Dicloroetileno | D67: 2024 | E67: 160508 | F67: 47700 | H67: =E67*F67 -> 7656231600 | I67: =E67*G67 -> 0 | K67: 160508 | L67: =K67*F67 -> 7656231600
C68: Etileno | D68: 2021 | E68: 640928 | F68: 7000 | H68: =E68*F68 -> 4486496000 | I68: =E68*G68 -> 0 | K68: 649076 | L68: =K68*F68 -> 4543532000
C69: Etileno | D69: 2022 | E69: 743301 | F69: 1373 | H69: =E69*F69 -> 1020552273 | I69: =E69*G69 -> 0 | J69: 1020552273 | K69: 707675 | L69: =K69*F69 -> 971637775
C70: Etileno | D70: 2023 | E70: 771258 | F70: 1043 | H70: =E70*F70 -> 804422094 | I70: =E70*G70 -> 0 | J70: 804422094 | K70: 761850 | L70: =K70*F70 -> 794609550
C71: Etileno | D71: 2024 | E71: 711218 | F71: 946 | H71: =E71*F71 -> 672812228 | I71: =E71*G71 -> 0 | J71: 672812228 | K71: 667918 | L71: =K71*F71 -> 631850428
C72: Policloruro de Vinilo | D72: 2021 | E72: 159339 | F72: 1678 | G72: 1403 | H72: =E72*F72 -> 267370842 | I72: =E72*G72 -> 223552617 | J72: 223552617 | K72: 185740 | L72: =K72*G72 -> 260593220
C73: Policloruro de Vinilo | D73: 2022 | E73: 178369 | F73: 1872 | G73: 1210 | H73: =E73*F73 -> 333906768 | I73: =E73*G73 -> 215826490 | J73: 215826490 | K73: 203440 | L73: =K73*G73 -> 246162400
C74: Policloruro de Vinilo | D74: 2023 | E74: 157173 | F74: 1779 | G74: 701 | H74: =E74*F74 -> 279610767 | I74: =E74*G74 -> 110178273 | J74: 110178273 | K74: 194865 | L74: =K74*G74 -> 136600365
C75: Policloruro de Vinilo | D75: 2024 | E75: 99354 | F75: 1677 | G75: 759 | H75: =E75*F75 -> 166616658 | I75: =E75*G75 -> 75409686 | J75: 75409686 | K75: 182556 | L75: =K75*G75 -> 138560004
C76: Polietileno Alta Densidad | D76: 2021 | E76: 251651 | F76: 1706 | G76: 1516 | H76: =E76*F76 -> 429316606 | I76: =E76*G76 -> 381502916 | J76: 381502916 | K76: 250126 | L76: =K76*G76 -> 379191016
C77: Polietileno Alta Densidad | D77: 2022 | E77: 294626 | F77: 1852 | G77: 1613 | H77: =E77*F77 -> 545647352 | I77: =E77*G77 -> 475231738 | J77: 475231738 | K77: 276054 | L77: =K77*G77 -> 445275102
C78: Polietileno Alta Densidad | D78: 2023 | E78: 283399 | F78: 1694 | G78: 1130 | H78: =E78*F78 -> 480077906 | I78: =E78*G78 -> 320240870 | J78: 320240870 | K78: 283406 | L78: =K78*G78 -> 320248780
C79: Polietileno Alta Densidad | D79: 2024 | E79: 214373 | F79: 1489 | G79: 1202 | H79: =E79*F79 -> 319201397 | I79: =E79*G79 -> 257676346 | J79: 257676346 | K79: 250701 | L79: =K79*G79 -> 301342602
C80: Polietileno B. D. Conv. | D80: 2021 | E80: 138440 | F80: 1841 | G80: 1641 | H80: =E80*F80 -> 254868040 | I80: =E80*G80 -> 227180040 | J80: 227180040 | K80: 80509 | L80: =K80*G80 -> 132115269
C81: Polietileno B. D. Conv. | D81: 2022 | E81: 162019 | F81: 1992 | G81: 1723 | H81: =E81*F81 -> 322741848 | I81: =E81*G81 -> 279158737 | J81: 279158737 | K81: 88874 | L81: =K81*G81 -> 153129902
C82: Polietileno B. D. Conv. | D82: 2023 | E82: 154303 | F82: 1605 | G82: 1161 | H82: =E82*F82 -> 247656315 | I82: =E82*G82 -> 179145783 | J82: 179145783 | K82: 95641 | L82: =K82*G82 -> 111039201
C83: Polietileno B. D. Conv. | D83: 2024 | E83: 192114 | F83: 1439 | G83: 1185 | H83: =E83*F83 -> 276452046 | I83: =E83*G83 -> 227655090 | J83: 227655090 | K83: 93802 | L83: =K83*G83 -> 111155370
... C87: Polietileno B. D. Lineal | D87: 2024 | E87: 218513 | F87: 1508 | G87: 1140 | H87: =E87*F87 -> 329517604 | I87: =E87*G87 -> 249104820 | J87: 249104820 | K87: 274288 | L87: =K87*G87 -> 312688320
C88: Urea | D88: 2021 | E88: 2469602 | F88: 470 | H88: =E88*F88 -> 1160712940 | I88: =E88*G88 -> 0 | J88: 1160712940 | K88: 918708 | L88: =K88*F88 -> 431792760
C89: Urea | D89: 2022 | E89: 2267575 | F89: 814 | G89: 532 | H89: =E89*F89 -> 1845806050 | I89: =E89*G89 -> 1206349900 | J89: 1206349900 | K89: 1377821 | L89: =K89*G89 -> 733000772
C90: Urea | D90: 2023 | E90: 2044244 | F90: 411 | G90: 492 | H90: =E90*F90 -> 840184284 | I90: =E90*G90 -> 1005768048 | J90: 1005768048 | K90: 1220079 | L90: =K90*G90 -> 600278868
C91: Urea | D91: 2024 | E91: 2413559 | F91: 378 | H91: =E91*F91 -> 912325302 | I91: =E91*G91 -> 0 | J91: 912325302 | K91: 1332417 | L91: =K91*F91 -> 503653626

Sheet Impo y Expo
D2: Importaciones | M2: Saldo comercial | T2: Valuacion importaciones y exportaciones en USD
D3: Año | E3: T basicos | F3: % Basicos | G3: T inter | H3: % Intermedios | I3: T finales | J3: % Finales | K3: Total | M3: Año | N3: T basicos | O3: T inter | P3: T finales | Q3: Total | T3: Año | U3: $ Importaciones | V3: $ Exportaciones | W3: Saldo
D4: 2015 | E4: 50400 | F4: 3 | G4: 410300 | H4: 24.2 | I4: 1237000 | J4: 72.8 | K4: 1697700 | M4: 2015 | N4: =E18-'Impo y Expo'!$E4 -> 207600 | O4: =G18-'Impo y Expo'!$G4 -> -320900 | P4: =I18-'Impo y Expo'!$I4 -> -717700 | Q4: =K18-'Impo y Expo'!$K4 -> -831000 | T4: 2021 | U4: =SUMIF(Tabla28[AÑO], "2021",Tabla28[Valuacion Impo])/1000000 -> 3849.8031 | V4: =SUMIF(Tabla28[AÑO], "2021",Tabla28[Valuacion Expo])/1000000 -> 849.62506 | W4: =V4-U4 -> -3000.178
D5: 2016 | E5: 58500 | F5: 3 | G5: 363000 | H5: 18.4 | I5: 1554000 | J5: 78.6 | K5: 1975500 | M5: 2016 | N5: =E19-'Impo y Expo'!$E5 -> 89300 | O5: =G19-'Impo y Expo'!$G5 -> -261900 | P5: =I19-'Impo y Expo'!$I5 -> -863500 | Q5: =K19-'Impo y Expo'!$K5 -> -1036100 | T5: 2022 | U5: =SUMIF(Tabla28[AÑO], "2022",Tabla28[Valuacion Impo])/1000000 -> 4660.8766 | V5: =SUMIF(Tabla28[AÑO], "2022",Tabla28[Valuacion Expo])/1000000 -> 942.03539 | W5: =V5-U5 -> -3718.8412
D6: 2017 | E6: 122500 | F6: 6.3 | G6: 371700 | H6: 19.1 | I6: 1447500 | J6: 74.6 | K6: 1941700 | M6: 2017 | N6: =E20-'Impo y Expo'!$E6 -> -66200 | O6: =G20-'Impo y Expo'!$G6 -> -292600 | P6: =I20-'Impo y Expo'!$I6 -> -841300 | Q6: =K20-'Impo y Expo'!$K6 -> -1200100 | T6: 2023 | U6: =SUMIF(Tabla28[AÑO], "2023",Tabla28[Valuacion Impo])/1000000 -> 3008.2547 | V6: =SUMIF(Tabla28[AÑO], "2023",Tabla28[Valuacion Expo])/1000000 -> 629.08204 | W6: =V6-U6 -> -2379.1727
D7: 2018 | E7: 45200 | F7: 2 | G7: 365600 | H7: 16.3 | I7: 1837600 | J7: 81.7 | K7: 2248400 | M7: 2018 | N7: =E21-'Impo y Expo'!$E7 -> 103500 | O7: =G21-'Impo y Expo'!$G7 -> -300800 | P7: =I21-'Impo y Expo'!$I7 -> -1134500 | Q7: =K21-'Impo y Expo'!$K7 -> -1331800 | T7: 2024 | U7: =SUMIF(Tabla28[AÑO], "2024",Tabla28[Valuacion Impo])/1000000 -> 2711.1955 | V7: =SUMIF(Tabla28[AÑO], "2024",Tabla28[Valuacion Expo])/1000000 -> 910.82528 | W7: =V7-U7 -> -1800.3702
D8: 2019 | E8: 97900 | F8: 4.1 | G8: 327200 | H8: 13.8 | I8: 1955100 | J8: 82.1 | K8: 2380200 | M8: 2019 | N8: =E22-'Impo y Expo'!$E8 -> 81600 | O8: =G22-'Impo y Expo'!$G8 -> -263800 | P8: =I22-'Impo y Expo'!$I8 -> -1303000 | Q8: =K22-'Impo y Expo'!$K8 -> -1485200
D9: 2020 | E9: 112200 | F9: 4.1 | G9: 334500 | H9: 12.2 | I9: 2299600 | J9: 83.7 | K9: 2746300 | M9: 2020 | N9: =E23-'Impo y Expo'!$E9 -> 25700 | O9: =G23-'Impo y Expo'!$G9 -> -298300 | P9: =I23-'Impo y Expo'!$I9 -> -1755700 | Q9: =K23-'Impo y Expo'!$K9 -> -2028300
D10: 2021 | E10: 44400 | F10: 1.3 | G10: 410900 | H10: 12.6 | I10: 2814700 | J10: 86.1 | K10: 3270000 | M10: 2021 | N10: =E24-'Impo y Expo'!$E10 -> 117000 | O10: =G24-'Impo y Expo'!$G10 -> -383100 | P10: =I24-'Impo y Expo'!$I10 -> -2322200 | Q10: =K24-'Impo y Expo'!$K10 -> -2588300
D11: 2022 | E11: 82300 | F11: 3.3 | G11: 401800 | H11: 16.3 | I11: 1990200 | J11: 80.4 | K11: 2474300 | M11: 2022 | N11: =E25-'Impo y Expo'!$E11 -> -1900 | O11: =G25-'Impo y Expo'!$G11 -> -374500 | P11: =I25-'Impo y Expo'!$I11 -> -1477900 | Q11: =K25-'Impo y Expo'!$K11 -> -1854300 | T11: Grafico 6 | AA11: Grafico 3
D12: 2023 | E12: 43400 | F12: 2 | G12: 364500 | H12: 16.4 | I12: 1811400 | J12: 81.6 | K12: 2219300 | M12: 2023 | N12: =E26-'Impo y Expo'!$E12 -> 163900 | O12: =G26-'Impo y Expo'!$G12 -> -349700 | P12: =I26-'Impo y Expo'!$I12 -> -1374800 | Q12: =K26-'Impo y Expo'!$K12 -> -1560600
D13: 2024 | E13: 72100 | F13: 3.1 | G13: 232500 | H13: 10 | I13: 2013300 | J13: 86.9 | K13: 2317900 | M13: 2024 | N13: =E27-'Impo y Expo'!$E13 -> 228600 | O13: =G27-'Impo y Expo'!$G13 -> -210200 | P13: =I27-'Impo y Expo'!$I13 -> -1395900 | Q13: =K27-'Impo y Expo'!$K13 -> -1377500
D16: Exportaciones | M16: Saldos expresados en millones de toneladas
D17: Año | E17: T basicos | F17: % Basicos | G17: T inter | H17: % Intermedios | I17: T finales | J17: % Finales | K17: Total | M17: Año | N17: Exportaciones | O17: Importaciones | P17: Saldo comercial
D18: 2015 | E18: 258000 | F18: 29.8 | G18: 89400 | H18: 10.3 | I18: 519300 | J18: 59.9 | K18: 866700 | M18: 2015 | N18: ='Impo y Expo'!$K18/1000000 -> 0.8667 | O18: =K4/1000000 -> 1.6977 | P18: =Q4/1000000 -> -0.831
D19: 2016 | E19: 147800 | F19: 15.7 | G19: 101100 | H19: 10.8 | I19: 690500 | J19: 73.5 | K19: 939400 | M19: 2016 | N19: ='Impo y Expo'!$K19/1000000 -> 0.9394 | O19: =K5/1000000 -> 1.9755 | P19: =Q5/1000000 -> -1.0361
D20: 2017 | E20: 56300 | F20: 7.6 | G20: 79100 | H20: 10.7 | I20: 606200 | J20: 81.7 | K20: 741600 | M20: 2017 | N20: ='Impo y Expo'!$K20/1000000 -> 0.7416 | O20: =K6/1000000 -> 1.9417 | P20: =Q6/1000000 -> -1.2001
D21: 2018 | E21: 148700 | F21: 16.2 | G21: 64800 | H21: 7.1 | I21: 703100 | J21: 76.7 | K21: 916600 | M21: 2018 | N21: ='Impo y Expo'!$K21/1000000 -> 0.9166 | O21: =K7/1000000 -> 2.2484 | P21: =Q7/1000000 -> -1.3318
D22: 2019 | E22: 179500 | F22: 20 | G22: 63400 | H22: 7.1 | I22: 652100 | J22: 72.9 | K22: 895000 | M22: 2019 | N22: ='Impo y Expo'!$K22/1000000 -> 0.895 | O22: =K8/1000000 -> 2.3802 | P22: =Q8/1000000 -> -1.4852
D23: 2020 | E23: 137900 | F23: 19.2 | G23: 36200 | H23: 5 | I23: 543900 | J23: 75.8 | K23: 718000 | M23: 2020 | N23: ='Impo y Expo'!$K23/1000000 -> 0.718 | O23: =K9/1000000 -> 2.7463 | P23: =Q9/1000000 -> -2.0283
D24: 2021 | E24: 161400 | F24: 23.7 | G24: 27800 | H24: 4.1 | I24: 492500 | J24: 72.2 | K24: 681700 | M24: 2021 | N24: ='Impo y Expo'!$K24/1000000 -> 0.6817 | O24: =K10/1000000 -> 3.27 | P24: =Q10/1000000 -> -2.5883
D25: 2022 | E25: 80400 | F25: 13 | G25: 27300 | H25: 4.4 | I25: 512300 | J25: 82.6 | K25: 620000 | M25: 2022 | N25: ='Impo y Expo'!$K25/1000000 -> 0.62 | O25: =K11/1000000 -> 2.4743 | P25: =Q11/1000000 -> -1.8543
D26: 2023 | E26: 207300 | F26: 31.5 | G26: 14800 | H26: 2.2 | I26: 436600 | J26: 66.3 | K26: 658700 | M26: 2023 | N26: ='Impo y Expo'!$K26/1000000 -> 0.6587 | O26: =K12/1000000 -> 2.2193 | P26: =Q12/1000000 -> -1.5606
D27: 2024 | E27: 300700 | F27: 32 | G27: 22300 | H27: 2.4 | I27: 617400 | J27: 65.6 | K27: 940400 | M27: 2024 | N27: ='Impo y Expo'!$K27/1000000 -> 0.9404 | O27: =K13/1000000 -> 2.3179 | P27: =Q13/1000000 -> -1.3775
N30: Impo y expo valuacion 2024 | W30: Producto | X30: AÑO | Y30: IMPO. (t) | Z30: EXPO. (t) | AA30: IMPO. (US$/t) | AB30: EXPO. (US$/t) | AC30: Valuacion Impo | AD30: Valuacion Expo
D31: Exportaciones a nivel local | I31: Importaciones a nivel local | N31: Producto Petroquimico | O31: Tipo de producto | P31: Exportaciones | Q31: Importaciones | R31: FOB | S31: CIF | T31: Valor FOB | U31: Valor CIF | W31: ABS | X31: 2021 | Y31: 10785 | Z31: 8 | AA31: 2835 | AC31: =Y31*AA31 -> 30575475 | AD31: =Z31*AB31 -> 0
D32: Producto | E32: Volumen exportado en t | F32: FOB | G32: Valuacion | I32: Producto | J32: Volumen exportado en t | K32: CIF | L32: Valuacion | N32: ABS | O32: Final | Q32: 5166 | S32: 2606 | T32: =P32*R32 -> 0 | U32: =Q32*S32 -> 13462596 | W32: ABS | X32: 2022 | Y32: 10025 | AA32: 3074 | AC32: =Y32*AA32 -> 30816850 | AD32: =Z32*AB32 -> 0
D33: AMONÍACO | E33: 31970 | F33: 323 | G33: ='Impo y Expo'!$E33*'Impo y Expo'!$F33 -> 10326310 | I33: AMONÍACO | J33: 0 | L33: ='Impo y Expo'!$J33*'Impo y Expo'!$K33 -> 0 | N33: ACETALDEHÍDO | O33: Intermedio | T33: =P33*R33 -> 0 | U33: =Q33*S33 -> 0 | W33: ABS | X33: 2023 | Y33: 9147 | AA33: 2510 | AC33: =Y33*AA33 -> 22958970 | AD33: =Z33*AB33 -> 0
D34: CLORURO DE VINILO | E34: 0 | G34: ='Impo y Expo'!$E34*'Impo y Expo'!$F34 -> 0 | I34: CLORURO DE VINILO | J34: 0 | L34: ='Impo y Expo'!$J34*'Impo y Expo'!$K34 -> 0 | N34: ACETATO DE n-BUTILO | O34: Final | Q34: 2072 | S34: 1541 | T34: =P34*R34 -> 0 | U34: =Q34*S34 -> 3192952 | W34: ABS | X34: 2024 | Y34: 5166 | Z34: 2 | AA34: 2606 | AC34: =Y34*AA34 -> 13462596 | AD34: =Z34*AB34 -> 0
D35: DICLOROETILENO | E35: 0 | G35: ='Impo y Expo'!$E35*'Impo y Expo'!$F35 -> 0 | I35: DICLOROETILENO | J35: 0 | L35: ='Impo y Expo'!$J35*'Impo y Expo'!$K35 -> 0 | N35: ACETATO DE ETILO | O35: Final | Q35: 10682 | S35: 1243 | T35: =P35*R35 -> 0 | U35: =Q35*S35 -> 13277726 | W35: Acetaldehído | X35: 2021 | AC35: =Y35*AA35 -> 0 | AD35: =Z35*AB35 -> 0
D36: ETILENO | E36: 0 | G36: ='Impo y Expo'!$E36*'Impo y Expo'!$F36 -> 0 | I36: ETILENO | J36: 43300 | K36: 946 | L36: ='Impo y Expo'!$J36*'Impo y Expo'!$K36 -> 40961800 | N36: ACETATO DE VINILO | O36: Intermedio | Q36: 3336 | S36: 1354 | T36: =P36*R36 -> 0 | U36: =Q36*S36 -> 4516944 | W36: Acetaldehído | X36: 2022 | AC36: =Y36*AA36 -> 0 | AD36: =Z36*AB36 -> 0
D37: POLICLORURO DE VINILO (PVC) Y COPOLÍMEROS | E37: 93187 | F37: 759 | G37: ='Impo y Expo'!$E37*'Impo y Expo'!$F37 -> 70728933 | I37: POLICLORURO DE VINILO (PVC) Y COPOLÍMEROS | J37: 9985 | K37: 1677 | L37: ='Impo y Expo'!$J37*'Impo y Expo'!$K37 -> 16744845 | N37: ACETONA | O37: Intermedio | Q37: 3346 | S37: 1514 | T37: =P37*R37 -> 0 | U37: =Q37*S37 -> 5065844 | W37: Acetaldehído | X37: 2023 | Y37: 1 | AC37: =Y37*AA37 -> 0 | AD37: =Z37*AB37 -> 0
D38: POLIETILENO DE ALTA DENSIDAD | E38: 125319 | F38: 1202 | G38: ='Impo y Expo'!$E38*'Impo y Expo'!$F38 -> 150633438 | I38: POLIETILENO DE ALTA DENSIDAD | J38: 88991 | K38: 1489 | L38: ='Impo y Expo'!$J38*'Impo y Expo'!$K38 -> 132507599 | N38: Ácido acético | O38: Intermedio | T38: =P38*R38 -> 0 | U38: =Q38*S38 -> 0 | W38: Acetaldehído | X38: 2024 | Y38: 5 | AC38: =Y38*AA38 -> 0 | AD38: =Z38*AB38 -> 0
D39: POLIETILENO DE BAJA DENSIDAD CONVENCIONAL | E39: 27511 | F39: 1185 | G39: ='Impo y Expo'!$E39*'Impo y Expo'!$F39 -> 32600535 | I39: POLIETILENO DE BAJA DENSIDAD CONVENCIONAL | J39: 125823 | K39: 1439 | L39: ='Impo y Expo'!$J39*'Impo y Expo'!$K39 -> 181059297 | N39: Ácido acético | O39: Intermedio | P39: 232 | Q39: 5664 | R39: 1964 | S39: 900 | T39: =P39*R39 -> 455648 | U39: =Q39*S39 -> 5097600 | W39: Acetato de n-Butilo | X39: 2021 | Y39: 2924 | AA39: 1885 | AC39: =Y39*AA39 -> 5511740 | AD39: =Z39*AB39 -> 0
D40: POLIETILENO DE BAJA DENSIDAD LINEAL | E40: 122909 | F40: 1140 | G40: ='Impo y Expo'!$E40*'Impo y Expo'!$F40 -> 140116260 | I40: POLIETILENO DE BAJA DENSIDAD LINEAL | J40: 67134 | K40: 1508 | L40: ='Impo y Expo'!$J40*'Impo y Expo'!$K40 -> 101238072 | N40: ÁCIDO ACRÍLICO Y SUS ÉSTERES | O40: Intermedio | Q40: 14125 | S40: 1626 | T40: =P40*R40 -> 0 | U40: =Q40*S40 -> 22967250 | W40: Acetato de n-Butilo | X40: 2022 | Y40: 2199 | AA40: 1982 | AC40: =Y40*AA40 -> 4358418 | AD40: =Z40*AB40 -> 0
D41: UREA | E41: 0 | G41: ='Impo y Expo'!$E41*'Impo y Expo'!$F41 -> 0 | I41: UREA | J41: 1081189 | K41: 378 | L41: ='Impo y Expo'!$J41*'Impo y Expo'!$K41 -> 408689442 | N41: ÁCIDO ADÍPICO | O41: Intermedio | Q41: 1485 | S41: 1523 | T41: =P41*R41 -> 0 | U41: =Q41*S41 -> 2261655 | W41: Acetato de n-Butilo | X41: 2023 | Y41: 2416 | AA41: 1502 | AC41: =Y41*AA41 -> 3628832 | AD41: =Z41*AB41 -> 0
D42: Total | E42: =SUM(E33:E41) -> 400896 | G42: =SUM(G33:G41) -> 404405476 | I42: Total | J42: =SUM(J33:J41) -> 1416422 | L42: =SUM(L33:L41) -> 881201055 | N42: ÁCIDO BENZOICO | O42: Intermedio | Q42: 202 | S42: 1770 | T42: =P42*R42 -> 0 | U42: =Q42*S42 -> 357540 | W42: Acetato de n-Butilo | X42: 2024 | Y42: 2072 | AA42: 1541 | AC42: =Y42*AA42 -> 3192952 | AD42: =Z42*AB42 -> 0
N43: ÁCIDO CÍTRICO | O43: No encontrado | P43: 171 | Q43: 24552 | R43: 3243 | S43: 1294 | T43: =P43*R43 -> 554553 | U43: =Q43*S43 -> 31770288 | W43: Acetato de Etilo | X43: 2021 | Y43: 13730 | Z43: 368 | AA43: 1089 | AC43: =Y43*AA43 -> 14951970 | AD43: =Z43*AB43 -> 0
N44: ÁCIDO 2-ETILHEXANOICO | O44: No encontrado | Q44: 593 | S44: 2426 | T44: =P44*R44 -> 0 | U44: =Q44*S44 -> 1438618 | W44: Acetato de Etilo | X44: 2022 | Y44: 12014 | Z44: 234 | AA44: 1358 | AC44: =Y44*AA44 -> 16315012 | AD44: =Z44*AB44 -> 0
N45: ÁCIDO FÓRMICO | O45: Intermedio | Q45: 6771 | S45: 716 | T45: =P45*R45 -> 0 | U45: =Q45*S45 -> 4848036 | W45: Acetato de Etilo | X45: 2023 | Y45: 13700 | AA45: 1302 | AC45: =Y45*AA45 -> 17837400 | AD45: =Z45*AB45 -> 0
N46: ÁCIDO FUMÁRICO | O46: Intermedio | Q46: 851 | S46: 2553 | T46: =P46*R46 -> 0 | U46: =Q46*S46 -> 2172603 | W46: Acetato de Etilo | X46: 2024 | Y46: 10682 | AA46: 1243 | AC46: =Y46*AA46 -> 13277726 | AD46: =Z46*AB46 -> 0
N47: ÁCIDO NÍTRICO | O47: Intermedio | P47: 921 | Q47: 191 | R47: 1016 | S47: 1516 | T47: =P47*R47 -> 935736 | U47: =Q47*S47 -> 289556 | W47: Acetato de Vinilo | X47: 2021 | Y47: 8324 | Z47: 327 | AA47: 1444 | AC47: =Y47*AA47 -> 12019856 | AD47: =Z47*AB47 -> 0
N48: ÁCIDO NÍTRICO | O48: Intermedio | T48: =P48*R48 -> 0 | U48: =Q48*S48 -> 0 | W48: Acetato de Vinilo | X48: 2022 | Y48: 4978 | AA48: 2105 | AC48: =Y48*AA48 -> 10478690 | AD48: =Z48*AB48 -> 0
N49: ÁCIDO NÍTRICO | O49: Intermedio | T49: =P49*R49 -> 0 | U49: =Q49*S49 -> 0 | W49: Acetato de Vinilo | X49: 2023 | Y49: 6922 | Z49: 11 | AA49: 1583 | AC49: =Y49*AA49 -> 10957526 | AD49: =Z49*AB49 -> 0
N50: ÁCIDO OXÁLICO | O50: No encontrado | Q50: 450 | S50: 2163 | T50: =P50*R50 -> 0 | U50: =Q50*S50 -> 973350 | W50: Acetato de Vinilo | X50: 2024 | Y50: 3336 | AA50: 1354 | AC50: =Y50*AA50 -> 4516944 | AD50: =Z50*AB50 -> 0
N51: ÁCIDO SALICÍLICO | O51: Intermedio | T51: =P51*R51 -> 0 | U51: =Q51*S51 -> 0 | W51: Acetona | X51: 2021 | Y51: 4452 | AA51: 1407 | AC51: =Y51*AA51 -> 6263964 | AD51: =Z51*AB51 -> 0
N52: ÁCIDO TEREFTÁLICO | O52: Intermedio | Q52: 84149 | S52: 888 | T52: =P52*R52 -> 0 | U52: =Q52*S52 -> 74724312 | W52: Acetona | X52: 2022 | Y52: 4620 | Z52: 1 | AA52: 1269 | AC52: =Y52*AA52 -> 5862780 | AD52: =Z52*AB52 -> 0
N53: ACRILONITRILO | O53: Intermedio | Q53: 382 | S53: 2345 | T53: =P53*R53 -> 0 | U53: =Q53*S53 -> 895790 | W53: Acetona | X53: 2023 | Y53: 4232 | AA53: 1235 | AC53: =Y53*AA53 -> 5226520 | AD53: =Z53*AB53 -> 0
N54: Alcoholes de C7 a C13 | O54: Intermedio | Q54: 16013 | S54: 1812 | T54: =P54*R54 -> 0 | U54: =Q54*S54 -> 29015556 | W54: Acetona | X54: 2024 | Y54: 3346 | AA54: 1514 | AC54: =Y54*AA54 -> 5065844 | AD54: =Z54*AB54 -> 0
N55: ALCOHOL POLIVINÍLICO | O55: No encontrado | Q55: 1634 | S55: 4464 | T55: =P55*R55 -> 0 | U55: =Q55*S55 -> 7294176 | W55: Acido Acético | X55: 2021 | Y55: 7204 | Z55: 283 | AA55: 959 | AC55: =Y55*AA55 -> 6908636 | AD55: =Z55*AB55 -> 0
N56: ALQUILBENCENO LINEAL | O56: Intermedio | P56: 5559 | Q56: 4265 | R56: 1498 | S56: 1962 | T56: =P56*R56 -> 8327382 | U56: =Q56*S56 -> 8367930 | W56: Acido Acético | X56: 2022 | Y56: 8887 | Z56: 196 | AA56: 1297 | AB56: 1888 | AC56: =Y56*AA56 -> 11526439 | AD56: =Z56*AB56 -> 370048
N57: AMONÍACO | O57: Básico | P57: 31970 | S57: 323 | T57: =P57*R57 -> 0 | U57: =Q57*S57 -> 0 | W57: Acido Acético | X57: 2023 | Y57: 6842 | Z57: 250 | AA57: 1084 | AB57: 2130 | AC57: =Y57*AA57 -> 7416728 | AD57: =Z57*AB57 -> 532500
N58: AMONÍACO | O58: Básico | T58: =P58*R58 -> 0 | U58: =Q58*S58 -> 0 | W58: Acido Acético | X58: 2024 | Y58: 5664 | Z58: 232 | AA58: 900 | AB58: 1964 | AC58: =Y58*AA58 -> 5097600 | AD58: =Z58*AB58 -> 455648
N59: AMONÍACO | O59: Básico | T59: =P59*R59 -> 0 | U59: =Q59*S59 -> 0 | W59: Acido Acrílico y sus ésteres | X59: 2021 | Y59: 17237 | Z59: 414 | AA59: 2099 | AC59: =Y59*AA59 -> 36180463 | AD59: =Z59*AB59 -> 0
N60: ANHÍDRIDO ACÉTICO | O60: No encontrado | Q60: 886 | R60: 1727 | T60: =P60*R60 -> 0 | U60: =Q60*S60 -> 0 | W60: Acido Acrílico y sus ésteres | X60: 2022 | Y60: 16898 | Z60: 4 | AA60: 2615 | AC60: =Y60*AA60 -> 44188270 | AD60: =Z60*AB60 -> 0
N61: Anhídrico ftalico | O61: Intermedio | P61: 7250 | Q61: 585 | R61: 1055 | S61: 1246 | T61: =P61*R61 -> 7648750 | U61: =Q61*S61 -> 728910 | W61: Acido Acrílico y sus ésteres | X61: 2023 | Y61: 16393 | Z61: 97 | AA61: 1807 | AC61: =Y61*AA61 -> 29622151 | AD61: =Z61*AB61 -> 0
N62: Anhídrico maleico | O62: Intermedio | P62: 6659 | Q62: 103 | R62: 1157 | S62: 1410 | T62: =P62*R62 -> 7704463 | U62: =Q62*S62 -> 145230 | W62: Acido Acrílico y sus ésteres | X62: 2024 | Y62: 14125 | Z62: 108 | AA62: 1626 | AC62: =Y62*AA62 -> 22967250 | AD62: =Z62*AB62 -> 0
N63: BENCENO | O63: Básico | P63: 39150 | S63: 917 | T63: =P63*R63 -> 0 | U63: =Q63*S63 -> 0 | W63: Acido Adípico | X63: 2021 | Y63: 2792 | AA63: 1685 | AC63: =Y63*AA63 -> 4704520 | AD63: =Z63*AB63 -> 0
N64: BENCENO | O64: Básico | T64: =P64*R64 -> 0 | U64: =Q64*S64 -> 0 | W64: Acido Adípico | X64: 2022 | Y64: 2392 | AA64: 2110 | AC64: =Y64*AA64 -> 5047120 | AD64: =Z64*AB64 -> 0
N65: BISFENOL A | O65: Intermedio | Q65: 25 | S65: 2772 | T65: =P65*R65 -> 0 | U65: =Q65*S65 -> 69300 | W65: Acido Adípico | X65: 2023 | Y65: 3499 | AA65: 1441 | AC65: =Y65*AA65 -> 5042059 | AD65: =Z65*AB65 -> 0
N66: BUTADIENO | O66: Básico | Q66: 27765 | S66: 1085 | T66: =P66*R66 -> 0 | U66: =Q66*S66 -> 30125025 | W66: Acido Adípico | X66: 2024 | Y66: 1485 | AA66: 1523 | AC66: =Y66*AA66 -> 2261655 | AD66: =Z66*AB66 -> 0
N67: i-BUTANOL | O67: Intermedio | Q67: 1344 | S67: 1363 | T67: =P67*R67 -> 0 | U67: =Q67*S67 -> 1831872 | W67: Acido Benzoico | X67: 2021 | Y67: 359 | AA67: 1653 | AC67: =Y67*AA67 -> 593427 | AD67: =Z67*AB67 -> 0
N68: n-BUTANOL | O68: Intermedio | Q68: 173 | S68: 1559 | T68: =P68*R68 -> 0 | U68: =Q68*S68 -> 269707 | W68: Acido Benzoico | X68: 2022 | Y68: 666 | AA68: 1870 | AC68: =Y68*AA68 -> 1245420 | AD68: =Z68*AB68 -> 0
N69: BUTANOL SECUNDARIO | O69: Intermedio | T69: =P69*R69 -> 0 | U69: =Q69*S69 -> 0 | W69: Acido Benzoico | X69: 2023 | Y69: 667 | AA69: 1428 | AC69: =Y69*AA69 -> 952476 | AD69: =Z69*AB69 -> 0
N70: BUTENO-1 | O70: Básico | T70: =P70*R70 -> 0 | U70: =Q70*S70 -> 0 | W70: Acido Benzoico | X70: 2024 | Y70: 202 | AA70: 1770 | AC70: =Y70*AA70 -> 357540 | AD70: =Z70*AB70 -> 0
N71: BUTIL HIDROXI TOLUENO - BHT | O71: Intermedio | Q71: 495 | S71: 5256 | T71: =P71*R71 -> 0 | U71: =Q71*S71 -> 2601720 | W71: Acido Cítrico | X71: 2021 | Y71: 31862 | Z71: 457 | AA71: 1176 | AB71: 1617 | AC71: =Y71*AA71 -> 37469712 | AD71: =Z71*AB71 -> 738969
N72: CAPROLACTAMA | O72: Intermedio | Q72: 76 | S72: 2140 | T72: =P72*R72 -> 0 | U72: =Q72*S72 -> 162640 | W72: Acido Cítrico | X72: 2022 | Y72: 31421 | Z72: 199 | AA72: 2230 | AB72: 3618 | AC72: =Y72*AA72 -> 70068830 | AD72: =Z72*AB72 -> 719982
N73: Caucho acrilonitrilo-butadieno | O73: Final | P73: 175 | Q73: 683 | R73: 2685 | S73: 2957 | T73: =P73*R73 -> 469875 | U73: =Q73*S73 -> 2019631 | W73: Acido Cítrico | X73: 2023 | Y73: 30536 | Z73: 169 | AA73: 1396 | AB73: 3191 | AC73: =Y73*AA73 -> 42628256 | AD73: =Z73*AB73 -> 539279
N74: CAUCHO BUTILO | O74: Final | Q74: 4086 | S74: 2849 | T74: =P74*R74 -> 0 | U74: =Q74*S74 -> 11641014 | W74: Acido Cítrico | X74: 2024 | Y74: 24552 | Z74: 171 | AA74: 1294 | AB74: 3243 | AC74: =Y74*AA74 -> 31770288 | AD74: =Z74*AB74 -> 554553
N75: Caucho acrilonitrilo-butadieno | O75: Final | P75: 38081 | Q75: 6019 | R75: 1763 | S75: 2805 | T75: =P75*R75 -> 67136803 | U75: =Q75*S75 -> 16883295 | W75: Acido 2-etilhexanoico | X75: 2021 | Y75: 633 | AA75: 2045 | AC75: =Y75*AA75 -> 1294485 | AD75: =Z75*AB75 -> 0
N76: CAUCHO ETILENO-PROPILENO | O76: Final | Q76: 1205 | S76: 3670 | T76: =P76*R76 -> 0 | U76: =Q76*S76 -> 4422350 | W76: Acido 2-etilhexanoico | X76: 2022 | Y76: 759 | AA76: 2434 | AC76: =Y76*AA76 -> 1847406 | AD76: =Z76*AB76 -> 0
N77: CAUCHO POLIBUTADIENO | O77: Final | Q77: 3926 | S77: 1926 | T77: =P77*R77 -> 0 | U77: =Q77*S77 -> 7561476 | W77: Acido 2-etilhexanoico | X77: 2023 | Y77: 672 | AA77: 2589 | AC77: =Y77*AA77 -> 1739808 | AD77: =Z77*AB77 -> 0
N78: CAUCHO POLICLOROPRENO | O78: Final | Q78: 507 | S78: 5940 | T78: =P78*R78 -> 0 | U78: =Q78*S78 -> 3011580 | W78: Acido 2-etilhexanoico | X78: 2024 | Y78: 593 | AA78: 2426 | AC78: =Y78*AA78 -> 1438618 | AD78: =Z78*AB78 -> 0
N79: CAUCHO POLIISOPRENO | O79: Final | Q79: 1173 | S79: 2227 | T79: =P79*R79 -> 0 | U79: =Q79*S79 -> 2612271 | W79: Acido Fórmico | X79: 2021 | Y79: 11544 | AA79: 783 | AC79: =Y79*AA79 -> 9038952 | AD79: =Z79*AB79 -> 0
N80: CIANURO DE SODIO | O80: No encontrado | Q80: 8940 | S80: 2513 | T80: =P80*R80 -> 0 | U80: =Q80*S80 -> 22466220 | W80: Acido Fórmico | X80: 2022 | Y80: 9794 | AA80: 1390 | AC80: =Y80*AA80 -> 13613660 | AD80: =Z80*AB80 -> 0
N81: CICLOHEXANO | O81: Intermedio | P81: 1996 | R81: 1472 | T81: =P81*R81 -> 2938112 | U81: =Q81*S81 -> 0 | W81: Acido Fórmico | X81: 2023 | Y81: 8235 | Z81: 168 | AA81: 831 | AC81: =Y81*AA81 -> 6843285 | AD81: =Z81*AB81 -> 0
N82: Ciclohexano | O82: Intermedio | Q82: 565 | S82: 2014 | T82: =P82*R82 -> 0 | U82: =Q82*S82 -> 1137910 | W82: Acido Fórmico | X82: 2024 | Y82: 6771 | Z82: 216 | AA82: 716 | AC82: =Y82*AA82 -> 4848036 | AD82: =Z82*AB82 -> 0
N83: CLOROFORMO | O83: Intermedio | Q83: 84 | S83: 1249 | T83: =P83*R83 -> 0 | U83: =Q83*S83 -> 104916 | W83: Acido Fumárico | X83: 2021 | Y83: 1021 | AA83: 2554 | AC83: =Y83*AA83 -> 2607634 | AD83: =Z83*AB83 -> 0
N84: CLORURO DE AMONIO | O84: Final | Q84: 1302 | S84: 472 | T84: =P84*R84 -> 0 | U84: =Q84*S84 -> 614544 | W84: Acido Fumárico | X84: 2022 | Y84: 975 | AA84: 3617 | AC84: =Y84*AA84 -> 3526575 | AD84: =Z84*AB84 -> 0
N85: CLORURO DE METILENO | O85: Final | Q85: 2810 | S85: 786 | T85: =P85*R85 -> 0 | U85: =Q85*S85 -> 2208660 | W85: Acido Fumárico | X85: 2023 | Y85: 1151 | AA85: 3054 | AC85: =Y85*AA85 -> 3515154 | AD85: =Z85*AB85 -> 0
N86: CLORURO DE VINILO | O86: Intermedio | T86: =P86*R86 -> 0 | U86: =Q86*S86 -> 0 | W86: Acido Fumárico | X86: 2024 | Y86: 851 | AA86: 2553 | AC86: =Y86*AA86 -> 2172603 | AD86: =Z86*AB86 -> 0
N87: CONCENTRADO UREA-FORMOL | O87: Final | P87: 596 | T87: =P87*R87 -> 0 | U87: =Q87*S87 -> 0 | W87: Acido Nítrico | X87: 2021 | Y87: 549 | Z87: 861 | AA87: 569 | AB87: 609 | AC87: =Y87*AA87 -> 312381 | AD87: =Z87*AB87 -> 524349
N88: CONCENTRADO UREA-FORMOL | O88: Final | T88: =P88*R88 -> 0 | U88: =Q88*S88 -> 0 | W88: Acido Nítrico | X88: 2022 | Y88: 492 | Z88: 1756 | AA88: 1282 | AB88: 727 | AC88: =Y88*AA88 -> 630744 | AD88: =Z88*AB88 -> 1276612
N89: Concentrado urea-formol | O89: Final | T89: =P89*R89 -> 0 | U89: =Q89*S89 -> 0 | W89: Acido Nítrico | X89: 2023 | Y89: 190 | Z89: 612 | AA89: 1274 | AB89: 868 | AC89: =Y89*AA89 -> 242060 | AD89: =Z89*AB89 -> 531216
N90: Concentrado urea-formol | O90: Final | T90: =P90*R90 -> 0 | U90: =Q90*S90 -> 0 | W90: Acido Nítrico | X90: 2024 | Y90: 191 | Z90: 921 | AA90: 1516 | AB90: 1016 | AC90: =Y90*AA90 -> 289556 | AD90: =Z90*AB90 -> 935736
N91: COPOLÍMERO EVA | O91: Final | Q91: 8633 | S91: 2525 | T91: =P91*R91 -> 0 | U91: =Q91*S91 -> 21798325 | W91: Acido Oxálico | X91: 2021 | Y91: 411 | Z91: 8 | AA91: 1893 | AC91: =Y91*AA91 -> 778023 | AD91: =Z91*AB91 -> 0
N92: DICLOROETILENO | O92: Intermedio | T92: =P92*R92 -> 0 | U92: =Q92*S92 -> 0 | W92: Acido Oxálico | X92: 2022 | Y92: 351 | Z92: 2 | AA92: 2683 | AC92: =Y92*AA92 -> 941733 | AD92: =Z92*AB92 -> 0
N93: DIETILENGLICOL | O93: Final | Q93: 1872 | S93: 994 | T93: =P93*R93 -> 0 | U93: =Q93*S93 -> 1860768 | W93: Acido Oxálico | X93: 2023 | Y93: 424 | Z93: 7 | AA93: 1109 | AC93: =Y93*AA93 -> 470216 | AD93: =Z93*AB93 -> 0
N94: DI-ISOCIANATO DE DIFENILMETANO (MDI) | O94: Final | P94: 88 | Q94: 11893 | R94: 4140 | S94: 2378 | T94: =P94*R94 -> 364320 | U94: =Q94*S94 -> 28281554 | W94: Acido Oxálico | X94: 2024 | Y94: 450 | Z94: 2 | AA94: 2163 | AC94: =Y94*AA94 -> 973350 | AD94: =Z94*AB94 -> 0
N95: DI-ISOCIANATO DE TOLUENO (TDI) | O95: Final | Q95: 5226 | S95: 2404 | T95: =P95*R95 -> 0 | U95: =Q95*S95 -> 12563304 | W95: Acido Salicílico | X95: 2021 | Y95: 33 | Z95: 1 | AC95: =Y95*AA95 -> 0 | AD95: =Z95*AB95 -> 0
N96: N, N - DIMETILFORMAMIDA | O96: No encontrado | Q96: 136 | S96: 1327 | T96: =P96*R96 -> 0 | U96: =Q96*S96 -> 180472 | W96: Acido Salicílico | X96: 2022 | Y96: 26 | AC96: =Y96*AA96 -> 0 | AD96: =Z96*AB96 -> 0
N97: EPICLORHIDRINA | O97: Intermedio | Q97: 915 | S97: 1878 | T97: =P97*R97 -> 0 | U97: =Q97*S97 -> 1718370 | W97: Acido Salicílico | X97: 2023 | Y97: 58 | AC97: =Y97*AA97 -> 0 | AD97: =Z97*AB97 -> 0
N98: ESTIRENO | O98: Intermedio | P98: 6054 | Q98: 212 | R98: 1399 | S98: 1658 | T98: =P98*R98 -> 8469546 | U98: =Q98*S98 -> 351496 | W98: Acido Salicílico | X98: 2024 | Y98: 44 | Z98: 1 | AC98: =Y98*AA98 -> 0 | AD98: =Z98*AB98 -> 0
N99: ETANOLAMINAS (Mono, Di, Tri) | O99: Intermedio | Q99: 4477 | S99: 1765 | T99: =P99*R99 -> 0 | U99: =Q99*S99 -> 7901905 | W99: Acido Tereftálico | X99: 2021 | Y99: 147100 | AA99: 771 | AC99: =Y99*AA99 -> 113414100 | AD99: =Z99*AB99 -> 0
N100: ÉTERES GLICÓLICOS | O100: Final | P100: 541 | Q100: 6651 | R100: 2200 | S100: 2201 | T100: =P100*R100 -> 1190200 | U100: =Q100*S100 -> 14638851 | W100: Acido Tereftálico | X100: 2022 | Y100: 164308 | AA100: 1108 | AC100: =Y100*AA100 -> 182053264 | AD100: =Z100*AB100 -> 0
N101: ETILBENCENO | O101: Intermedio | T101: =P101*R101 -> 0 | U101: =Q101*S101 -> 0 | W101: Acido Tereftálico | X101: 2023 | Y101: 149829 | AA101: 899 | AC101: =Y101*AA101 -> 134696271 | AD101: =Z101*AB101 -> 0
N102: ETILENGLICOL | O102: Intermedio | Q102: 55325 | S102: 558 | T102: =P102*R102 -> 0 | U102: =Q102*S102 -> 30871350 | W102: Acido Tereftálico | X102: 2024 | Y102: 84149 | AA102: 888 | AC102: =Y102*AA102 -> 74724312 | AD102: =Z102*AB102 -> 0
N103: ETILENO | O103: Básico | Q103: 43300 | S103: 946 | T103: =P103*R103 -> 0 | U103: =Q103*S103 -> 40961800 | W103: Acrilonitrilo | X103: 2021 | Y103: 764 | AA103: 3147 | AC103: =Y103*AA103 -> 2404308 | AD103: =Z103*AB103 -> 0
N104: ETILENO | O104: Básico | T104: =P104*R104 -> 0 | U104: =Q104*S104 -> 0 | W104: Acrilonitrilo | X104: 2022 | Y104: 679 | AA104: 2245 | AC104: =Y104*AA104 -> 1524355 | AD104: =Z104*AB104 -> 0
N105: ETILENO | O105: Básico | T105: =P105*R105 -> 0 | U105: =Q105*S105 -> 0 | W105: Acrilonitrilo | X105: 2023 | Y105: 517 | AA105: 1941 | AC105: =Y105*AA105 -> 1003497 | AD105: =Z105*AB105 -> 0
...

Sheet Consumo aparente nacional
D3: Año | E3: T basicos | F3: % Basicos | G3: T inter | H3: % Intermedios | I3: T finales | J3: % Finales | K3: Total
D4: 2015 | E4: 2228300 | F4: 33.6 | G4: 1129900 | H4: 17 | I4: 3277500 | J4: 49.4 | K4: 6635700
D5: 2016 | E5: 2517200 | F5: 35.2 | G5: 1081500 | H5: 17 | I5: 3662500 | J5: 47.8 | K5: 7261200
D6: 2017 | E6: 2612900 | F6: 34.4 | G6: 1041700 | H6: 13.7 | I6: 3934100 | J6: 51.9 | K6: 7588700
D7: 2018 | E7: 2263000 | F7: 32.4 | G7: 992900 | H7: 14.2 | I7: 3736700 | J7: 53.4 | K7: 6992600
D8: 2019 | E8: 2156500 | F8: 31.4 | G8: 877000 | H8: 12.8 | I8: 3824800 | J8: 55.8 | K8: 6858300
D9: 2020 | E9: 2150900 | F9: 28.6 | G9: 886800 | H9: 11.8 | I9: 4474400 | J9: 59.6 | K9: 7512100
D10: 2021 | E10: 2044200 | F10: 26 | G10: 1062800 | H10: 13.5 | I10: 4769400 | J10: 60.5 | K10: 7876400
D11: 2022 | E11: 2568200 | F11: 31.2 | G11: 1115100 | H11: 13.6 | I11: 4538500 | J11: 55.2 | K11: 8221800
D12: 2023 | E12: 2291000 | F12: 29.9 | G12: 1050800 | H12: 13.7 | I12: 4314900 | J12: 56.4 | K12: 7656700
D13: 2024 | E13: 2256400 | F13: 30.8 | G13: 852900 | H13: 11.7 | I13: 4204800 | J13: 57.5 | K13: 7314100
D15: Consumo aparente expresada en millones de dolares | J15: Grafico 5
D16: Año | E16: Basicos | F16: Intermedios | G16: Finales | H16: Total
D17: 2015 | E17: =E4/1000000 -> 2.2283 | F17: =G4/1000000 -> 1.1299 | G17: =I4/1000000 -> 3.2775 | H17: =K4/1000000 -> 6.6357
D18: 2016 | E18: =E5/1000000 -> 2.5172 | F18: =G5/1000000 -> 1.0815 | G18: =I5/1000000 -> 3.6625 | H18: =K5/1000000 -> 7.2612
D19: 2017 | E19: =E6/1000000 -> 2.6129 | F19: =G6/1000000 -> 1.0417 | G19: =I6/1000000 -> 3.9341 | H19: =K6/1000000 -> 7.5887
D20: 2018 | E20: =E7/1000000 -> 2.263 | F20: =G7/1000000 -> 0.9929 | G20: =I7/1000000 -> 3.7367 | H20: =K7/1000000 -> 6.9926
D21: 2019 | E21: =E8/1000000 -> 2.1565 | F21: =G8/1000000 -> 0.877 | G21: =I8/1000000 -> 3.8248 | H21: =K8/1000000 -> 6.8583
D22: 2020 | E22: =E9/1000000 -> 2.1509 | F22: =G9/1000000 -> 0.8868 | G22: =I9/1000000 -> 4.4744 | H22: =K9/1000000 -> 7.5121
D23: 2021 | E23: =E10/1000000 -> 2.0442 | F23: =G10/1000000 -> 1.0628 | G23: =I10/1000000 -> 4.7694 | H23: =K10/1000000 -> 7.8764
D24: 2022 | E24: =E11/1000000 -> 2.5682 | F24: =G11/1000000 -> 1.1151 | G24: =I11/1000000 -> 4.5385 | H24: =K11/1000000 -> 8.2218
D25: 2023 | E25: =E12/1000000 -> 2.291 | F25: =G12/1000000 -> 1.0508 | G25: =I12/1000000 -> 4.3149 | H25: =K12/1000000 -> 7.6567
D26: 2024 | E26: =E13/1000000 -> 2.2564 | F26: =G13/1000000 -> 0.8529 | G26: =I13/1000000 -> 4.2048 | H26: =K13/1000000 -> 7.3141

Sheet Materias primas
C4: Materias primas petroquimicas
C5: Materias primas | D5: 2020 | E5: 2021 | F5: 2022 | G5: 2023 | H5: 2024
C6: Etano | D6: 937859 | E6: 836605 | F6: 913454 | G6: 973919 | H6: 844400
C7: Propano | D7: 1364953 | E7: 1399535 | F7: 1474883 | G7: 1515449 | H7: 1518875 | N7: Grafico 4
C8: Butano | D8: 1051251 | E8: 1036711 | F8: 1195699 | G8: 1317180 | H8: 1376525
C9: Nafta | D9: 1547818 | E9: 1738142 | F9: 1815707 | G9: 1615160 | H9: 1682322
C10: Total | D10: =SUM(D6:D9) -> 4901881 | E10: =SUM(E6:E9) -> 5010993 | F10: =SUM(F6:F9) -> 5399743 | G10: =SUM(G6:G9) -> 5421708 | H10: =SUM(H6:H9) -> 5422122
C13: Materias primas petroquimicas en millones de t
C14: Materias primas | D14: 2020 | E14: 2021 | F14: 2022 | G14: 2023 | H14: 2024
C15: Etano | D15: =D6/1000000 -> 0.937859 | E15: =E6/1000000 -> 0.836605 | F15: =F6/1000000 -> 0.913454 | G15: =G6/1000000 -> 0.973919 | H15: =H6/1000000 -> 0.8444
C16: Propano | D16: =D7/1000000 -> 1.364953 | E16: =E7/1000000 -> 1.399535 | F16: =F7/1000000 -> 1.474883 | G16: =G7/1000000 -> 1.515449 | H16: =H7/1000000 -> 1.518875
C17: Butano | D17: =D8/1000000 -> 1.051251 | E17: =E8/1000000 -> 1.036711 | F17: =F8/1000000 -> 1.195699 | G17: =G8/1000000 -> 1.31718 | H17: =H8/1000000 -> 1.376525
C18: Nafta | D18: =D9/1000000 -> 1.547818 | E18: =E9/1000000 -> 1.738142 | F18: =F9/1000000 -> 1.815707 | G18: =G9/1000000 -> 1.61516 | H18: =H9/1000000 -> 1.682322
C19: Total | D19: =D10/1000000 -> 4.901881 | E19: =E10/1000000 -> 5.010993 | F19: =F10/1000000 -> 5.399743 | G19: =G10/1000000 -> 5.421708 | H19: =H10/1000000 -> 5.422122

Sheet Clasificacion de bienes
D3: Basicos | E3: Intermedios | F3: Finales
D4: Amoníaco | E4: Acetaldehído | F4: ABS
D5: Benceno | E5: Acetato de vinilo | F5: Acetato de n-butilo
D6: Butadieno | E6: Acetona | F6: Acetato de etilo
D7: Buteno-1 | E7: Ácido acético | F7: Caucho acrilonitrilo-butadieno
D8: Butileno | E8: Ácido adípico | F8: Caucho butilo
D9: Etileno | E9: Ácido benzoico | F9: Caucho estireno-butadieno
D10: Metanol | E10: Ácido fórmico | F10: Caucho etileno-propileno
D11: Propileno | E11: Ácido fumárico | F11: Caucho polibutadieno
D12: Sulfuro de carbono | E12: Ácido nítrico | F12: Caucho policloropreno
D13: Tolueno | E13: Ácido salicílico | F13: Caucho poliisopreno
D14: o-Xileno | E14: Ácido tereftálico | F14: Cloruro de amonio
D15: Xilenos mezcla | E15: Acrilonitrilo | F15: Cloruro de metileno
E16: Alcoholes de C7 a C13 | F16: Concentrado urea-formol
E17: Alquilbenceno lineal | F17: Copolímero EVA
E18: Anhídrico ftalico | F18: Dietilenglicol
E19: Anhídrico maleico | F19: Di-isocianato de difenilmetano (MDI)
E20: Bisfenol A | F20: Di-isocianato de tolueno (TDI)
E21: i-Butanol | F21: Éteres glicólicos
E22: n-Butanol | F22: Fosfato diamónico
E23: Butanol secundario | F23: Hexametilentetramina
E24: Butil hidroxi tolueno - BHT | F24: Metacrilato de metilo
E25: Caprolactama | F25: Metil etil cetona
E26: Ciclohexano | F26: Metil isobutil cetona
E27: Cloroformo | F27: Negro de humo
... E45: Propilenglicol | F45: Tetracloroetileno
F46: Tricloroetileno
F47: Urea

Sheet Capacidad instalada ind quim
B2: Capacidad instalada de productos quimicos 2024
B3: Producto Petroquimico | C3: Planta | D3: Ciudad | E3: Provincia | F3: Capacidad instalada activa | G3: Plantas inactivas/cerradas
B4: ÁCIDO SULFÚRICO 98% | C4: MERANOL S.A. | D4: Dock Sud | E4: Buenos Aires | F4: 100000
B5: ÁCIDO SULFÚRICO 98% | C5: FÁBRICA MILITAR RÍO TERCERO | D5: Rio Tercero | E5: Cordoba | F5: 39600
B6: ÁCIDO SULFÚRICO 98% | C6: NOURYON CHEMICALS ARGENTINA S.A.U. | D6: San Lorenzo | E6: Santa Fe | F6: 145000
B7: ÁCIDO SULFÚRICO 98% | C7: AR ZINC S.A. | D7: Fray Luis Beltran | E7: Santa Fe | F7: Cerro | G7: 78000
B8: ÁCIDO SULFÚRICO 98% | C8: MINERA SANTA RITA S.R.L. | D8: Campo Quijano | E8: Salta | F8: 36000
B9: AGUA OXIGENADA 100 % | C9: ATANOR S.C.A. | D9: Rio Tercero | E9: Cordoba | F9: 14400
B10: CARBONATO DE SODIO (Soda Solvay) | C10: ALCALIS DE LA PATAGONIA S.A.I.C. | D10: San Antonio Oeste | E10: Rio Negro | F10: 250000
B11: CAUCHO NATURAL
B12: CLORO | C12: ATANOR S.C.A. | D12: Rio Tercero | E12: Cordoba | F12: 38520
B13: CLORO | C13: TRANSCLOR S.A. | D13: Pilar | E13: Buenos Aires | F13: 149650
B14: CLORO | C14: UNIPAR INDUPA S.A.I.C. | D14: Bahia Blanca | E14: Buenos Aires | F14: 163000
B15: CLORO | C15: Otros | F15: 17000
B16: DIÓXIDO DE TITANIO
B17: FURFURAL | C17: INDUNOR S.A. | D17: La Escondida | E17: Chaco | F17: 3363
B18: HIDRÓXIDO DE SODIO 100 % (Soda Cáustica) | C18: ATANOR S.C.A. | D18: Rio Tercero | E18: Cordoba | F18: 43200
B19: HIDRÓXIDO DE SODIO 100 % (Soda Cáustica) | C19: TRANSCLOR S.A. | D19: Pilar | E19: Buenos Aires | F19: 167608
B20: HIDRÓXIDO DE SODIO 100 % (Soda Cáustica) | C20: UNIPAR INDUPA S.A.I.C. | D20: Bahia Blanca | E20: Buenos Aires | F20: 194000
B21: HIDRÓXIDO DE SODIO 100 % (Soda Cáustica) | C21: Otros | F21: 20000
B22: PARAFINA | C22: YPF S.A. | D22: Ensenada | E22: Buenos Aires | F22: Inactiva | G22: 13000
B23: SUPERFOSFATO SIMPLE DE CALCIO | C23: BUNGE ARGENTINA S.A. | D23: Ramallo | E23: Buenos Aires | F23: 270000
B24: SUPERFOSFATO SIMPLE DE CALCIO | C24: ERMINAL DE FERTILIZANTES ARG. S.A. | D24: Puerto General San Martin | E24: Santa Fe | F24: 220000
B25: TIOSULFATO DE POTASIO | C25: BUNGE ARGENTINA S.A. | D25: Campana | E25: Buenos Aires | F25: 14085
B26: Total | C26: {=COUNTA(_xludf.UNIQUE(_xlws.FILTER(C4:C25,C4:C25<>"")))} -> 1 | D26: {=COUNTA(_xludf.UNIQUE(_xlws.FILTER(D4:D25,D4:D25<>"")))} -> 1 | E26: {=COUNTA(_xludf.UNIQUE(_xlws.FILTER(E4:E25,E4:E25<>"")))} -> 1 | F26: =SUM(F4:F25) -> 1885426 | G26: {=COUNTA(_xludf.UNIQUE(_xlws.FILTER(G4:G25,G4:G25<>"")))} -> 1
